Workbook

Sheet Calificaciones
B2: N3PRIMARIA 3°A | E2: Ética, Naturaleza y Sociedades
D3: Concepto a Calificar | E3: Examen 1 | F3: Examen 2 | G3: Examen Trimestral | H3: Disciplina | I3: Tareas | J3: Registro Diario | K3: Proyecto | L3: Promedio | M3: Comentario de Apoyo Requerido
D4: Porcentaje | E4: 0.09 | F4: 0.09 | G4: 0.25 | H4: 0.07 | I4: 0.2 | J4: 0.2 | K4: 0.1 | L4: 1
B5: No. | C5: Matrícula | D5: Nombre del Alumno
B6: 1 | C6: 979 | D6: Gonzalez Parra Wolfrang Alejandro | E6: 0 | F6: 0 | G6: 0 | H6: 0 | I6: =Tareas!Q5 -> 0 | J6: =Cuaderno!O6*0.5 + 'Libro 2'!U7*0.5 -> 0 | K6: 0 | L6: =E6*0.09 + F6*0.09 + G6*0.25 + H6*0.07 + I6*0.2 +J6*0.2 + K6*0.1 -> 0
B7: 2 | C7: 1133 | D7: Matute Castillo Andres David | E7: 0 | F7: 0 | G7: 0 | H7: 0 | I7: =Tareas!Q6 -> 0 | J7: =Cuaderno!O7*0.5 + 'Libro 2'!U8*0.5 -> 0 | K7: 0 | L7: =E7*0.09 + F7*0.09 + G7*0.25 + H7*0.07 + I7*0.2 +J7*0.2 + K7*0.1 -> 0
B8: 3 | C8: 1235 | D8: Meixner Ponce Christopher Santiago | E8: 0 | F8: 0 | G8: 0 | H8: 0 | I8: =Tareas!Q7 -> 0 | J8: =Cuaderno!O8*0.5 + 'Libro 2'!U9*0.5 -> 0 | K8: 0 | L8: =E8*0.09 + F8*0.09 + G8*0.25 + H8*0.07 + I8*0.2 +J8*0.2 + K8*0.1 -> 0
B9: 4 | C9: 986 | D9: Mendoza Gaspar Carlos | E9: 0 | F9: 0 | G9: 0 | H9: 0 | I9: =Tareas!Q8 -> 0 | J9: =Cuaderno!O9*0.5 + 'Libro 2'!U10*0.5 -> 0 | K9: 0 | L9: =E9*0.09 + F9*0.09 + G9*0.25 + H9*0.07 + I9*0.2 +J9*0.2 + K9*0.1 -> 0
B10: 5 | C10: 1105 | D10: Moctexuma Ocegueda Ambar Paulina | E10: 0 | F10: 0 | G10: 0 | H10: 0 | I10: =Tareas!Q9 -> 0 | J10: =Cuaderno!O10*0.5 + 'Libro 2'!U11*0.5 -> 0 | K10: 0 | L10: =E10*0.09 + F10*0.09 + G10*0.25 + H10*0.07 + I10*0.2 +J10*0.2 + K10*0.1 -> 0
B11: 6 | C11: 944 | D11: Rios Alvarado Julia Romina | E11: 0 | F11: 0 | G11: 0 | H11: 0 | I11: =Tareas!Q10 -> 0 | J11: =Cuaderno!O11*0.5 + 'Libro 2'!U12*0.5 -> 0 | K11: 0 | L11: =E11*0.09 + F11*0.09 + G11*0.25 + H11*0.07 + I11*0.2 +J11*0.2 + K11*0.1 -> 0
B12: 7 | C12: 1021 | D12: Sanchez Pedraza Amaia Estefania | E12: 0 | F12: 0 | G12: 0 | H12: 0 | I12: =Tareas!Q11 -> 0 | J12: =Cuaderno!O12*0.5 + 'Libro 2'!U13*0.5 -> 0 | K12: 0 | L12: =E12*0.09 + F12*0.09 + G12*0.25 + H12*0.07 + I12*0.2 +J12*0.2 + K12*0.1 -> 0
B13: 8 | C13: 1219 | D13: Soto Lobo Danna Sofia | E13: 0 | F13: 0 | G13: 0 | H13: 0 | I13: =Tareas!Q12 -> 0 | J13: =Cuaderno!O13*0.5 + 'Libro 2'!U14*0.5 -> 0 | K13: 0 | L13: =E13*0.09 + F13*0.09 + G13*0.25 + H13*0.07 + I13*0.2 +J13*0.2 + K13*0.1 -> 0
B14: 9 | C14: 1220 | D14: Soto Lobo Fernando | E14: 0 | F14: 0 | G14: 0 | H14: 0 | I14: =Tareas!Q13 -> 0 | J14: =Cuaderno!O14*0.5 + 'Libro 2'!U15*0.5 -> 0 | K14: 0 | L14: =E14*0.09 + F14*0.09 + G14*0.25 + H14*0.07 + I14*0.2 +J14*0.2 + K14*0.1 -> 0
B15: 10 | C15: 1278 | D15: Velazquez Jasso Daniel | E15: 0 | F15: 0 | G15: 0 | H15: 0 | I15: =Tareas!Q14 -> 0 | J15: =Cuaderno!O15*0.5 + 'Libro 2'!U16*0.5 -> 0 | K15: 0 | L15: =E15*0.09 + F15*0.09 + G15*0.25 + H15*0.07 + I15*0.2 +J15*0.2 + K15*0.1 -> 0
B16: TOTAL | E16: =AVERAGE(E6:E15) -> 0 | F16: =AVERAGE(F6:F15) -> 0 | G16: =AVERAGE(G7:G15) -> 0 | H16: =AVERAGE(H6:H15) -> 0 | I16: =AVERAGE(I6:I15) -> 0 | J16: =AVERAGE(J6:J15) -> 0 | K16: =AVERAGE(K6:K15) -> 0 | L16: =AVERAGE(L6:L15) -> 0

Sheet Libro 2
B2: N3 Primaria 3°A | E2: Ética, naturaleza y sociedades Libro 2
D3: Libro | E3: Martes 25/11/2025 ¿Qué es dialogar? | G3: Miércoles 26/11/2025 Un trato digno para todos | I3: Jueves 27/11/2025 ¿Qué es un fanzine? | K3: Miércoles 3/12/2025 Una escuela segura | M3: Jueves 4/12/2025 Plan de contingencia | O3: Martes 9/12/2025 Nos preparamos ante los desastres | P3: Miércoles 10/12/2025 ¡Todos somos iguales! | Q3: Jueves 11/12/2025 Roles de género | R3: Martes 16/12/2025 Evaluación | S3: Jueves 18/12/2025 Estereotipos de género | U3: Promedio
E4: C4 | G4: C5 | I4: C5 | K4: C5 | M4: C5 | O4: C5 | P4: C6 | Q4: C6 | R4: E | S4: C6
D5: Páginas | E5: 44 | F5: 45 | G5: 22 | H5: 23 | I5: 24 | J5: 25 | K5: 26 | L5: 27 | M5: 28 | N5: 29 | O5: 30 | P5: 28 | Q5: 29 | R5: 44 | S5: 30 | T5: 31
B6: No. | C6: Matrícula | D6: Nombre del Alumno
B7: 1 | C7: 979 | D7: Gonzalez Parra Wolfrang Alejandro | E7: 0 | F7: 0 | G7: 0 | H7: 0 | I7: 0 | J7: 0 | K7: 0 | L7: 0 | M7: 0 | N7: 0 | O7: 0 | P7: 0 | Q7: 0 | R7: 0 | S7: 0 | T7: 0 | U7: =AVERAGE(E7:T7) -> 0
B8: 2 | C8: 1133 | D8: Matute Castillo Andres David | E8: 0 | F8: 0 | G8: 0 | H8: 0 | I8: 0 | J8: 0 | K8: 0 | L8: 0 | M8: 0 | N8: 0 | O8: 0 | P8: 0 | Q8: 0 | R8: 0 | S8: 0 | T8: 0 | U8: =AVERAGE(E8:T8) -> 0
B9: 3 | C9: 1235 | D9: Meixner Ponce Christopher Santiago | E9: 0 | F9: 0 | G9: 0 | H9: 0 | I9: 0 | J9: 0 | K9: 0 | L9: 0 | M9: 0 | N9: 0 | O9: 0 | P9: 0 | Q9: 0 | R9: 0 | S9: 0 | T9: 0 | U9: =AVERAGE(E9:T9) -> 0
B10: 4 | C10: 986 | D10: Mendoza Gaspar Carlos | E10: 0 | F10: 0 | G10: 0 | H10: 0 | I10: 0 | J10: 0 | K10: 0 | L10: 0 | M10: 0 | N10: 0 | O10: 0 | P10: 0 | Q10: 0 | R10: 0 | S10: 0 | T10: 0 | U10: =AVERAGE(E10:T10) -> 0
B11: 5 | C11: 1105 | D11: Moctexuma Ocegueda Ambar Paulina | E11: 0 | F11: 0 | G11: 0 | H11: 0 | I11: 0 | J11: 0 | K11: 0 | L11: 0 | M11: 0 | N11: 0 | O11: 0 | P11: 0 | Q11: 0 | R11: 0 | S11: 0 | T11: 0 | U11: =AVERAGE(E11:T11) -> 0
B12: 6 | C12: 944 | D12: Rios Alvarado Julia Romina | E12: 0 | F12: 0 | G12: 0 | H12: 0 | I12: 0 | J12: 0 | K12: 0 | L12: 0 | M12: 0 | N12: 0 | O12: 0 | P12: 0 | Q12: 0 | R12: 0 | S12: 0 | T12: 0 | U12: =AVERAGE(E12:T12) -> 0
B13: 7 | C13: 1021 | D13: Sanchez Pedraza Amaia Estefania | E13: 0 | F13: 0 | G13: 0 | H13: 0 | I13: 0 | J13: 0 | K13: 0 | L13: 0 | M13: 0 | N13: 0 | O13: 0 | P13: 0 | Q13: 0 | R13: 0 | S13: 0 | T13: 0 | U13: =AVERAGE(E13:T13) -> 0
B14: 8 | C14: 1219 | D14: Soto Lobo Danna Sofia | E14: 0 | F14: 0 | G14: 0 | H14: 0 | I14: 0 | J14: 0 | K14: 0 | L14: 0 | M14: 0 | N14: 0 | O14: 0 | P14: 0 | Q14: 0 | R14: 0 | S14: 0 | T14: 0 | U14: =AVERAGE(E14:T14) -> 0
B15: 9 | C15: 1220 | D15: Soto Lobo Fernando | E15: 0 | F15: 0 | G15: 0 | H15: 0 | I15: 0 | J15: 0 | K15: 0 | L15: 0 | M15: 0 | N15: 0 | O15: 0 | P15: 0 | Q15: 0 | R15: 0 | S15: 0 | T15: 0 | U15: =AVERAGE(E15:T15) -> 0
B16: 10 | C16: 1278 | D16: Velazquez Jasso Daniel | E16: 0 | F16: 0 | G16: 0 | H16: 0 | I16: 0 | J16: 0 | K16: 0 | L16: 0 | M16: 0 | N16: 0 | O16: 0 | P16: 0 | Q16: 0 | R16: 0 | S16: 0 | T16: 0 | U16: =AVERAGE(E16:T16) -> 0

Sheet Tareas
B2: N3 PRIMARIA 3°A | E2: Ética, Naturaleza y Sociedades
D3: Tarea | E3: 1 | F3: 2 | G3: 3 | H3: 4 | I3: 5 | J3: 6 | K3: 7 | L3: 8 | M3: 9 | N3: 10 | O3: 11 | P3: 12 | Q3: Promedio
B4: No. | C4: Matrícula | D4: Nombre del Alumno | E4: Un mundo sin discriminación | F4: Lista de Tareas | G4: Hablemos con respeto | H4: Trato digno | I4: Mi primer mini-fanzine | J4: Paloma de la Paz | K4: Señales de Riesgo | L4: Mi plan de contingencia. | M4: ¿Por qué existe este día? | N4: Igualdad para todos | O4: Igualdad en imágenes | P4: Temario
B5: 1 | C5: 979 | D5: Gonzalez Parra Wolfrang Alejandro | E5: 0 | F5: 0 | G5: 0 | H5: 0 | I5: 0 | J5: 0 | K5: 0 | L5: 0 | M5: 0 | N5: 0 | O5: 0 | P5: 0 | Q5: =AVERAGE(E5:P5) -> 0
B6: 2 | C6: 1133 | D6: Matute Castillo Andres David | E6: 0 | F6: 0 | G6: 0 | H6: 0 | I6: 0 | J6: 0 | K6: 0 | L6: 0 | M6: 0 | N6: 0 | O6: 0 | P6: 0 | Q6: =AVERAGE(E6:P6) -> 0
B7: 3 | C7: 1235 | D7: Meixner Ponce Christopher Santiago | E7: 0 | F7: 0 | G7: 0 | H7: 0 | I7: 0 | J7: 0 | K7: 0 | L7: 0 | M7: 0 | N7: 0 | O7: 0 | P7: 0 | Q7: =AVERAGE(E7:P7) -> 0
B8: 4 | C8: 986 | D8: Mendoza Gaspar Carlos | E8: 0 | F8: 0 | G8: 0 | H8: 0 | I8: 0 | J8: 0 | K8: 0 | L8: 0 | M8: 0 | N8: 0 | O8: 0 | P8: 0 | Q8: =AVERAGE(E8:P8) -> 0
B9: 5 | C9: 1105 | D9: Moctexuma Ocegueda Ambar Paulina | E9: 0 | F9: 0 | G9: 0 | H9: 0 | I9: 0 | J9: 0 | K9: 0 | L9: 0 | M9: 0 | N9: 0 | O9: 0 | P9: 0 | Q9: =AVERAGE(E9:P9) -> 0
B10: 6 | C10: 944 | D10: Rios Alvarado Julia Romina | E10: 0 | F10: 0 | G10: 0 | H10: 0 | I10: 0 | J10: 0 | K10: 0 | L10: 0 | M10: 0 | N10: 0 | O10: 0 | P10: 0 | Q10: =AVERAGE(E10:P10) -> 0
B11: 7 | C11: 1021 | D11: Sanchez Pedraza Amaia Estefania | E11: 0 | F11: 0 | G11: 0 | H11: 0 | I11: 0 | J11: 0 | K11: 0 | L11: 0 | M11: 0 | N11: 0 | O11: 0 | P11: 0 | Q11: =AVERAGE(E11:P11) -> 0
B12: 8 | C12: 1219 | D12: Soto Lobo Danna Sofia | E12: 0 | F12: 0 | G12: 0 | H12: 0 | I12: 0 | J12: 0 | K12: 0 | L12: 0 | M12: 0 | N12: 0 | O12: 0 | P12: 0 | Q12: =AVERAGE(E12:P12) -> 0
B13: 9 | C13: 1220 | D13: Soto Lobo Fernando | E13: 0 | F13: 0 | G13: 0 | H13: 0 | I13: 0 | J13: 0 | K13: 0 | L13: 0 | M13: 0 | N13: 0 | O13: 0 | P13: 0 | Q13: =AVERAGE(E13:P13) -> 0
B14: 10 | C14: 1278 | D14: Velazquez Jasso Daniel | E14: 0 | F14: 0 | G14: 0 | H14: 0 | I14: 0 | J14: 0 | K14: 0 | L14: 0 | M14: 0 | N14: 0 | O14: 0 | P14: 0 | Q14: =AVERAGE(E14:P14) -> 0 | R14: 4

Sheet Cuaderno
B2: N3 Primaria 3°A | E2: Ética, naturaleza y sociedades
D3: Cuaderno | E3: Martes 25/11/2025 ¿Qué es dialogar? | F3: Miércoles 26/11/2025 Un trato digno para todos | G3: Jueves 27/11/2025 ¿Qué es un fanzine? | H3: Miércoles 3/12/2025 Una escuela segura | I3: Jueves 4/12/2025 Plan de contingencia | J3: Martes 9/12/2025 Nos preparamos ante los desastres | K3: Miércoles 10/12/2025 ¡Todos somos iguales! | L3: Jueves 11/12/2025 Roles de género | M3: Martes 16/12/2025 Evaluación | N3: Jueves 18/12/2025 Estereotipos de género | O3: Promedio
D4: Actividades | E4: 1 | F4: 2 | G4: 3 | H4: 4 | I4: 5 | J4: 6 | K4: 7 | L4: 8 | M4: 9 | N4: 10
B5: No. | C5: Matrícula | D5: Nombre del Alumno
B6: 1 | C6: 979 | D6: Gonzalez Parra Wolfrang Alejandro | E6: 0 | F6: 0 | G6: 0 | H6: 0 | I6: 0 | J6: 0 | K6: 0 | L6: 0 | M6: 0 | N6: 0 | O6: =AVERAGE(E6:N6) -> 0
B7: 2 | C7: 1133 | D7: Matute Castillo Andres David | E7: 0 | F7: 0 | G7: 0 | H7: 0 | I7: 0 | J7: 0 | K7: 0 | L7: 0 | M7: 0 | N7: 0 | O7: =AVERAGE(E7:N7) -> 0
B8: 3 | C8: 1235 | D8: Meixner Ponce Christopher Santiago | E8: 0 | F8: 0 | G8: 0 | H8: 0 | I8: 0 | J8: 0 | K8: 0 | L8: 0 | M8: 0 | N8: 0 | O8: =AVERAGE(E8:N8) -> 0
B9: 4 | C9: 986 | D9: Mendoza Gaspar Carlos | E9: 0 | F9: 0 | G9: 0 | H9: 0 | I9: 0 | J9: 0 | K9: 0 | L9: 0 | M9: 0 | N9: 0 | O9: =AVERAGE(E9:N9) -> 0
B10: 5 | C10: 1105 | D10: Moctexuma Ocegueda Ambar Paulina | E10: 0 | F10: 0 | G10: 0 | H10: 0 | I10: 0 | J10: 0 | K10: 0 | L10: 0 | M10: 0 | N10: 0 | O10: =AVERAGE(E10:N10) -> 0
B11: 6 | C11: 944 | D11: Rios Alvarado Julia Romina | E11: 0 | F11: 0 | G11: 0 | H11: 0 | I11: 0 | J11: 0 | K11: 0 | L11: 0 | M11: 0 | N11: 0 | O11: =AVERAGE(E11:N11) -> 0
B12: 7 | C12: 1021 | D12: Sanchez Pedraza Amaia Estefania | E12: 0 | F12: 0 | G12: 0 | H12: 0 | I12: 0 | J12: 0 | K12: 0 | L12: 0 | M12: 0 | N12: 0 | O12: =AVERAGE(E12:N12) -> 0
B13: 8 | C13: 1219 | D13: Soto Lobo Danna Sofia | E13: 0 | F13: 0 | G13: 0 | H13: 0 | I13: 0 | J13: 0 | K13: 0 | L13: 0 | M13: 0 | N13: 0 | O13: =AVERAGE(E13:N13) -> 0
B14: 9 | C14: 1220 | D14: Soto Lobo Fernando | E14: 0 | F14: 0 | G14: 0 | H14: 0 | I14: 0 | J14: 0 | K14: 0 | L14: 0 | M14: 0 | N14: 0 | O14: =AVERAGE(E14:N14) -> 0
B15: 10 | C15: 1278 | D15: Velazquez Jasso Daniel | E15: 0 | F15: 0 | G15: 0 | H15: 0 | I15: 0 | J15: 0 | K15: 0 | L15: 0 | M15: 0 | N15: 0 | O15: =AVERAGE(E15:N15) -> 0

Sheet Incidencias
B2: N3 Primaria 3°A | E2: Ética, naturaleza y sociedades Libro 2
E3: Revisión del Libro Páginas que debe. | F3: Revisión del Cuaderno Lecciones no apuntadas.
B4: No. | C4: Matrícula | D4: Nombre del Alumno
B5: 1 | C5: 979 | D5: Gonzalez Parra Wolfrang Alejandro
B6: 2 | C6: 1133 | D6: Matute Castillo Andres David
B7: 3 | C7: 1235 | D7: Meixner Ponce Christopher Santiago
B8: 4 | C8: 986 | D8: Mendoza Gaspar Carlos
B9: 5 | C9: 1105 | D9: Moctexuma Ocegueda Ambar Paulina
B10: 6 | C10: 944 | D10: Rios Alvarado Julia Romina
B11: 7 | C11: 1021 | D11: Sanchez Pedraza Amaia Estefania
B12: 8 | C12: 1219 | D12: Soto Lobo Danna Sofia
B13: 9 | C13: 1220 | D13: Soto Lobo Fernando
B14: 10 | C14: 1278 | D14: Velazquez Jasso Daniel
