Workbook

Sheet Calificaciones
B2: N4 PRIMARIA 4°A | E2: Ética, Naturaleza y Sociedades
D3: Concepto a Calificar | E3: Examen 1 | F3: Examen 2 | G3: Examen Trimestral | H3: Disciplina | I3: Tareas | J3: Registro Diario | K3: Proyecto | L3: Promedio | M3: Comentario de Apoyo Requerido
D4: Porcentaje | E4: 0.09 | F4: 0.09 | G4: 0.25 | H4: 0.07 | I4: 0.2 | J4: 0.2 | K4: 0.1 | L4: 1
B5: No. | C5: Matrícula | D5: Nombre del Alumno
B6: 1 | C6: 941 | D6: Alvarez España Alberto Zaid | E6: 0 | F6: 0 | G6: 0 | H6: 0 | I6: =Tareas!L5 -> 0 | J6: ='Libro 2'!V7*0.5+Cuaderno!K6*0.5 -> 0 | K6: 0 | L6: =E6*0.09+F6*0.09+G8*0.25+H6*0.07+I6*0.2+J6*0.2+K6*0.1 -> 0
B7: 2 | C7: 1096 | D7: Hernandez madrigal Cesar daniel | E7: 0 | F7: 0 | G7: 0 | H7: 0 | I7: =Tareas!L6 -> 0 | J7: ='Libro 2'!V8*0.5+Cuaderno!K7*0.5 -> 0 | K7: 0 | L7: =E7*0.09+F7*0.09+G7*0.25+H7*0.07+I7*0.2+J7*0.2+K7*0.1 -> 0
B8: 3 | C8: 983 | D8: Lima Aguirre Marcos | E8: 0 | F8: 0 | G8: 0 | H8: 0 | I8: =Tareas!L7 -> 0 | J8: ='Libro 2'!V9*0.5+Cuaderno!K8*0.5 -> 0 | K8: 0 | L8: =E8*0.09+F8*0.09+G8*0.25+H8*0.07+I8*0.2+J8*0.2+K8*0.1 -> 0
B9: 4 | C9: 1275 | D9: Nicolas Garcias Said Samuel | E9: 0 | F9: 0 | G9: 0 | H9: 0 | I9: =Tareas!L8 -> 0 | J9: ='Libro 2'!V10*0.5+Cuaderno!K9*0.5 -> 0 | K9: 0 | L9: =E9*0.09+F9*0.09+G9*0.25+H9*0.07+I9*0.2+J9*0.2+K9*0.1 -> 0
B10: 5 | C10: 962 | D10: Rodriguez Garibay Valory | E10: 0 | F10: 0 | G10: 0 | H10: 0 | I10: =Tareas!L9 -> 0 | J10: ='Libro 2'!V11*0.5+Cuaderno!K10*0.5 -> 0 | K10: 0 | L10: =E10*0.09+F10*0.09+G10*0.25+H10*0.07+I10*0.2+J10*0.2+K10*0.1 -> 0
B11: 6 | C11: 894 | D11: Wiechselbaum Romano Alessia Danielle | E11: 0 | F11: 0 | G11: 0 | H11: 0 | I11: =Tareas!L10 -> 0 | J11: ='Libro 2'!V12*0.5+Cuaderno!K11*0.5 -> 0 | K11: 0 | L11: =E11*0.09+F11*0.09+G11*0.25+H11*0.07+I11*0.2+J11*0.2+K11*0.1 -> 0
B12: TOTAL | E12: =AVERAGE(E6:E11) -> 0 | F12: =AVERAGE(F6:F11) -> 0 | G12: =AVERAGE(G7:G11) -> 0 | H12: =AVERAGE(H6:H11) -> 0 | I12: =AVERAGE(I6:I11) -> 0 | J12: =AVERAGE(J6:J11) -> 0 | K12: =AVERAGE(K6:K11) -> 0 | L12: =AVERAGE(L6:L11) -> 0

Sheet Libro 2
B2: N4 Primaria 4°A | E2: Ética, naturaleza y sociedades Libro 2
D3: Libro | E3: Lunes 24/11/2025 Sin discriminación | I3: Miércoles 26/11/2025 Sin violencia | M3: Lunes 1/12/2025 Respeto a todos | Q3: Lunes 8/12/2025 Me organizo con los demás | S3: Miércoles 10/12/2025 El diálogo | U3: Lunes 15/12/2025 Evaluación | V3: Promedio
E4: C4 | I4: C4 | M4: C5 | Q4: C5 | S4: C5 | U4: E
D5: Páginas | E5: 40 | F5: 41 | G5: 42 | H5: 43 | I5: 44 | J5: 45 | K5: 46 | L5: 47 | M5: 24 | N5: 25 | O5: 26 | P5: 27 | Q5: 28 | R5: 29 | S5: 30 | T5: 31 | U5: 40
B6: No. | C6: Matrícula | D6: Nombre del Alumno
B7: 1 | C7: 941 | D7: Alvarez España Alberto Zaid | E7: 0 | F7: 0 | G7: 0 | H7: 0 | I7: 0 | J7: 0 | K7: 0 | L7: 0 | M7: 0 | N7: 0 | O7: 0 | P7: 0 | Q7: 0 | R7: 0 | S7: 0 | T7: 0 | U7: 0 | V7: =AVERAGE(E7:U7) -> 0
B8: 2 | C8: 1096 | D8: Hernandez madrigal Cesar daniel | E8: 0 | F8: 0 | G8: 0 | H8: 0 | I8: 0 | J8: 0 | K8: 0 | L8: 0 | M8: 0 | N8: 0 | O8: 0 | P8: 0 | Q8: 0 | R8: 0 | S8: 0 | T8: 0 | U8: 0 | V8: =AVERAGE(E8:U8) -> 0
B9: 3 | C9: 983 | D9: Lima Aguirre Marcos | E9: 0 | F9: 0 | G9: 0 | H9: 0 | I9: 0 | J9: 0 | K9: 0 | L9: 0 | M9: 0 | N9: 0 | O9: 0 | P9: 0 | Q9: 0 | R9: 0 | S9: 0 | T9: 0 | U9: 0 | V9: =AVERAGE(E9:U9) -> 0
B10: 4 | C10: 1275 | D10: Nicolas Garcias Said Samuel | E10: 0 | F10: 0 | G10: 0 | H10: 0 | I10: 0 | J10: 0 | K10: 0 | L10: 0 | M10: 0 | N10: 0 | O10: 0 | P10: 0 | Q10: 0 | R10: 0 | S10: 0 | T10: 0 | U10: 0 | V10: =AVERAGE(E10:U10) -> 0
B11: 5 | C11: 962 | D11: Rodriguez Garibay Valory | E11: 0 | F11: 0 | G11: 0 | H11: 0 | I11: 0 | J11: 0 | K11: 0 | L11: 0 | M11: 0 | N11: 0 | O11: 0 | P11: 0 | Q11: 0 | R11: 0 | S11: 0 | T11: 0 | U11: 0 | V11: =AVERAGE(E11:U11) -> 0
B12: 6 | C12: 894 | D12: Wiechselbaum Romano Alessia Danielle | E12: 0 | F12: 0 | G12: 0 | H12: 0 | I12: 0 | J12: 0 | K12: 0 | L12: 0 | M12: 0 | N12: 0 | O12: 0 | P12: 0 | Q12: 0 | R12: 0 | S12: 0 | T12: 0 | U12: 0 | V12: =AVERAGE(E12:U12) -> 0

Sheet Tareas
B2: N4 PRIMARIA 4°A | E2: Ética, Naturaleza y Sociedades
D3: Tarea | E3: 1 | F3: 2 | G3: 3 | H3: 4 | I3: 5 | J3: 6 | K3: 7 | L3: Promedio
B4: No. | C4: Matrícula | D4: Nombre del Alumno | E4: Lista de Tareas | F4: Todos somos iguales | G4: ¿Qué es la violencia? | H4: Tres formas de respetar | I4: Paloma de la Paz | J4: Organizando mi día | K4: Mi pequeño diálogo
B5: 1 | C5: 941 | D5: Alvarez España Alberto Zaid | E5: 0 | F5: 0 | G5: 0 | H5: 0 | I5: 0 | J5: 0 | K5: 0 | L5: =AVERAGE(E5:K5) -> 0
B6: 2 | C6: 1096 | D6: Hernandez madrigal Cesar daniel | E6: 0 | F6: 0 | G6: 0 | H6: 0 | I6: 0 | J6: 0 | K6: 0 | L6: =AVERAGE(E6:K6) -> 0
B7: 3 | C7: 983 | D7: Lima Aguirre Marcos | E7: 0 | F7: 0 | G7: 0 | H7: 0 | I7: 0 | J7: 0 | K7: 0 | L7: =AVERAGE(E7:K7) -> 0
B8: 4 | C8: 1275 | D8: Nicolas Garcias Said Samuel | E8: 0 | F8: 0 | G8: 0 | H8: 0 | I8: 0 | J8: 0 | K8: 0 | L8: =AVERAGE(E8:K8) -> 0
B9: 5 | C9: 962 | D9: Rodriguez Garibay Valory | E9: 0 | F9: 0 | G9: 0 | H9: 0 | I9: 0 | J9: 0 | K9: 0 | L9: =AVERAGE(E9:K9) -> 0
B10: 6 | C10: 894 | D10: Wiechselbaum Romano Alessia Danielle | E10: 0 | F10: 0 | G10: 0 | H10: 0 | I10: 0 | J10: 0 | K10: 0 | L10: =AVERAGE(E10:K10) -> 0

Sheet Cuaderno
B2: N4 Primaria 4°A | E2: Ética, naturaleza y sociedades Libro 2
D3: Cuaderno | E3: Lunes 24/11/2025 Sin discriminación | F3: Miércoles 26/11/2025 Sin violencia | G3: Lunes 1/12/2025 Respeto a todos | H3: Lunes 8/12/2025 Me organizo con los demás | I3: Miércoles 10/12/2025 El diálogo | J3: Lunes 15/12/2025 Evaluación | K3: Promedio
D4: Actividades | E4: 1 | F4: 2 | G4: 3 | H4: 4 | I4: 5 | J4: 6
B5: No. | C5: Matrícula | D5: Nombre del Alumno
B6: 1 | C6: 941 | D6: Alvarez España Alberto Zaid | E6: 0 | F6: 0 | G6: 0 | H6: 0 | I6: 0 | J6: 0 | K6: =AVERAGE(E6:J6) -> 0
B7: 2 | C7: 1096 | D7: Hernandez madrigal Cesar daniel | E7: 0 | F7: 0 | G7: 0 | H7: 0 | I7: 0 | J7: 0 | K7: =AVERAGE(E7:J7) -> 0
B8: 3 | C8: 983 | D8: Lima Aguirre Marcos | E8: 0 | F8: 0 | G8: 0 | H8: 0 | I8: 0 | J8: 0 | K8: =AVERAGE(E8:J8) -> 0
B9: 4 | C9: 1275 | D9: Nicolas Garcias Said Samuel | E9: 0 | F9: 0 | G9: 0 | H9: 0 | I9: 0 | J9: 0 | K9: =AVERAGE(E9:J9) -> 0
B10: 5 | C10: 962 | D10: Rodriguez Garibay Valory | E10: 0 | F10: 0 | G10: 0 | H10: 0 | I10: 0 | J10: 0 | K10: =AVERAGE(E10:J10) -> 0
B11: 6 | C11: 894 | D11: Wiechselbaum Romano Alessia Danielle | E11: 0 | F11: 0 | G11: 0 | H11: 0 | I11: 0 | J11: 0 | K11: =AVERAGE(E11:J11) -> 0

Sheet Incidencias
B2: N4 Primaria 4°A | E2: Ética, naturaleza y sociedades Libro 2
E3: Revisión del Libro Páginas que debe. | F3: Revisión del Cuaderno Lecciones no apuntadas.
B4: No. | C4: Matrícula | D4: Nombre del Alumno
B5: 1 | C5: 941 | D5: Alvarez España Alberto Zaid
B6: 2 | C6: 1096 | D6: Hernandez madrigal Cesar daniel
B7: 3 | C7: 983 | D7: Lima Aguirre Marcos
B8: 4 | C8: 1275 | D8: Nicolas Garcias Said Samuel
B9: 5 | C9: 962 | D9: Rodriguez Garibay Valory
B10: 6 | C10: 894 | D10: Wiechselbaum Romano Alessia Danielle
