Workbook

Sheet Calificaciones
B2: N7 SECUNDARIA 1°A | E2: Historia
D3: Concepto a Calificar | E3: Examen 1 | F3: Examen 2 | G3: Examen Trimestral | H3: Disciplina | I3: Tareas | J3: Registro Diario | K3: Proyecto | L3: Promedio | M3: Comentario de Apoyo Requerido
D4: Porcentaje | E4: 0.09 | F4: 0.09 | G4: 0.25 | H4: 0.07 | I4: 0.2 | J4: 0.2 | K4: 0.1
B5: No. | C5: Matrícula | D5: Nombre del Alumno
B6: 1 | C6: 1261 | D6: Barbosa Leon Damian Alejandro | E6: 3 | F6: 7.3 | G6: 0 | H6: 0 | I6: =Tareas!Q6 -> #DIV/0! | J6: 0 | K6: 0 | L6: =E6*0.09+F6*0.09+G8*0.25+H6*0.07+I6*0.2+J6*0.2+K6*0.1 -> #DIV/0!
B7: 2 | C7: 1249 | D7: Barragan Canela Leonela Nicole | E7: 7 | F7: 8 | G7: 0 | H7: 0 | I7: =Tareas!Q7 -> #DIV/0! | J7: 0 | K7: 0 | L7: =E7*0.09+F7*0.09+G7*0.25+H7*0.07+I7*0.2+J7*0.2+K7*0.1 -> #DIV/0!
B8: 3 | C8: 1130 | D8: Barrera Ortega Ximena Paola | E8: 6 | F8: 9.3 | G8: 0 | H8: 0 | I8: =Tareas!Q8 -> #DIV/0! | J8: 0 | K8: 0 | L8: =E8*0.09+F8*0.09+G8*0.25+H8*0.07+I8*0.2+J8*0.2+K8*0.1 -> #DIV/0!
B9: 4 | C9: 605 | D9: Bernal Serrano Jessica Liliana | E9: 6 | F9: 6.7 | G9: 0 | H9: 0 | I9: =Tareas!Q9 -> #DIV/0! | J9: 0 | K9: 0 | L9: =E9*0.09+F9*0.09+G9*0.25+H9*0.07+I9*0.2+J9*0.2+K9*0.1 -> #DIV/0!
B10: 5 | C10: 612 | D10: Castillo Lopez Carlos Gael | E10: 6 | F10: 8.7 | G10: 0 | H10: 0 | I10: =Tareas!Q10 -> #DIV/0! | J10: 0 | K10: 0 | L10: =E10*0.09+F10*0.09+G10*0.25+H10*0.07+I10*0.2+J10*0.2+K10*0.1 -> #DIV/0!
B11: 6 | C11: 1159 | D11: Cárdenas Calá Antonella | E11: 7 | F11: 7.3 | G11: 0 | H11: 0 | I11: =Tareas!Q11 -> #DIV/0! | J11: 0 | K11: 0 | L11: =E11*0.09+F11*0.09+G11*0.25+H11*0.07+I11*0.2+J11*0.2+K11*0.1 -> #DIV/0!
B12: 7 | C12: 1233 | D12: Cruz Gama Mateo Emiliano | E12: 4 | F12: 6.7 | G12: 0 | H12: 0 | I12: =Tareas!Q12 -> #DIV/0! | J12: 0 | K12: 0 | L12: =E12*0.09+F12*0.09+G12*0.25+H12*0.07+I12*0.2+J12*0.2+K12*0.1 -> #DIV/0!
B13: 8 | C13: 1168 | D13: Cueva Rangel Oswaldo Eleazar | E13: 4 | F13: 6.7 | G13: 0 | H13: 0 | I13: =Tareas!Q13 -> #DIV/0! | J13: 0 | K13: 0 | L13: =E13*0.09+F13*0.09+G13*0.25+H13*0.07+I13*0.2+J13*0.2+K13*0.1 -> #DIV/0!
B14: 9 | C14: 1150 | D14: Dávalos Sánchez Francisco Tadeo | E14: 5 | F14: 5.3 | G14: 0 | H14: 0 | I14: =Tareas!Q14 -> #DIV/0! | J14: 0 | K14: 0 | L14: =E14*0.09+F14*0.09+G14*0.25+H14*0.07+I14*0.2+J14*0.2+K14*0.1 -> #DIV/0!
B15: 10 | C15: 1184 | D15: Díaz Elizalde Sofía | E15: 7 | F15: 8 | G15: 0 | H15: 0 | I15: =Tareas!Q15 -> #DIV/0! | J15: 0 | K15: 0 | L15: =E15*0.09+F15*0.09+G15*0.25+H15*0.07+I15*0.2+J15*0.2+K15*0.1 -> #DIV/0!
B16: 11 | C16: 1270 | D16: Espinoza Gonzalez Leonardo Daniel | E16: 5 | F16: 7.6 | G16: 0 | H16: 0 | I16: =Tareas!Q16 -> #DIV/0! | J16: 0 | K16: 0 | L16: =E16*0.09+F16*0.09+G16*0.25+H16*0.07+I16*0.2+J16*0.2+K16*0.1 -> #DIV/0!
B17: 12 | C17: 1199 | D17: Fuentes Fernandez Maximo Dario | E17: 5 | F17: 6.7 | G17: 0 | H17: 0 | I17: =Tareas!Q17 -> #DIV/0! | J17: 0 | K17: 0 | L17: =E17*0.09+F17*0.09+G17*0.25+H17*0.07+I17*0.2+J17*0.2+K17*0.1 -> #DIV/0!
B18: 13 | C18: PPRIM242550 | D18: Gonzalez Parra Amanda Rhomina | E18: 7 | F18: 8.7 | G18: 0 | H18: 0 | I18: =Tareas!Q18 -> #DIV/0! | J18: 0 | K18: 0 | L18: =E18*0.09+F18*0.09+G18*0.25+H18*0.07+I18*0.2+J18*0.2+K18*0.1 -> #DIV/0!
B19: 14 | C19: 1246 | D19: Gonzalez Soto Adiel Emiliano | E19: 5 | F19: 4.7 | G19: 0 | H19: 0 | I19: =Tareas!Q19 -> #DIV/0! | J19: 0 | K19: 0 | L19: =E19*0.09+F19*0.09+G19*0.25+H19*0.07+I19*0.2+J19*0.2+K19*0.1 -> #DIV/0!
B20: 15 | C20: 1156 | D20: González de la Cerda Isaías Daniel | E20: 3 | F20: 6.7 | G20: 0 | H20: 0 | I20: =Tareas!Q20 -> #DIV/0! | J20: 0 | K20: 0 | L20: =E20*0.09+F20*0.09+G20*0.25+H20*0.07+I20*0.2+J20*0.2+K20*0.1 -> #DIV/0!
B21: 16 | C21: 1187 | D21: Hernández Félix Neizan Jesús | E21: 6 | F21: 4.7 | G21: 0 | H21: 0 | I21: =Tareas!Q21 -> #DIV/0! | J21: 0 | K21: 0 | L21: =E21*0.09+F21*0.09+G21*0.25+H21*0.07+I21*0.2+J21*0.2+K21*0.1 -> #DIV/0!
B22: 17 | C22: 1202 | D22: Hernández López Santiago Matías | E22: 5 | F22: 9.3 | G22: 0 | H22: 0 | I22: =Tareas!Q22 -> #DIV/0! | J22: 0 | K22: 0 | L22: =E22*0.09+F22*0.09+G22*0.25+H22*0.07+I22*0.2+J22*0.2+K22*0.1 -> #DIV/0!
B23: 18 | C23: 1147 | D23: Irineo Navarro Sofia Esmeralda | E23: 6 | F23: 4 | G23: 0 | H23: 0 | I23: =Tareas!Q23 -> #DIV/0! | J23: 0 | K23: 0 | L23: =E23*0.09+F23*0.09+G23*0.25+H23*0.07+I23*0.2+J23*0.2+K23*0.1 -> #DIV/0!
B24: 19 | C24: 1193 | D24: Ivañez Duran Tadeo Salvador | E24: 2 | F24: 8.7 | G24: 0 | H24: 0 | I24: =Tareas!Q24 -> #DIV/0! | J24: 0 | K24: 0 | L24: =E24*0.09+F24*0.09+G24*0.25+H24*0.07+I24*0.2+J24*0.2+K24*0.1 -> #DIV/0!
B25: 20 | C25: 1209 | D25: Jaime Cambero Ian Carlo | E25: 6 | F25: 8 | G25: 0 | H25: 0 | I25: =Tareas!Q25 -> #DIV/0! | J25: 0 | K25: 0 | L25: =E25*0.09+F25*0.09+G25*0.25+H25*0.07+I25*0.2+J25*0.2+K25*0.1 -> #DIV/0!
B26: 21 | C26: 1153 | D26: Jimenez Moreno Fátima Johana Yazmin | E26: 5 | F26: 10 | G26: 0 | H26: 0 | I26: =Tareas!Q26 -> #DIV/0! | J26: 0 | K26: 0 | L26: =E26*0.09+F26*0.09+G26*0.25+H26*0.07+I26*0.2+J26*0.2+K26*0.1 -> #DIV/0!
B27: 22 | C27: 1068 | D27: Lúa Alexander Yelena Itzayana | E27: 5 | F27: 0 | G27: 0 | H27: 0 | I27: =Tareas!Q27 -> #DIV/0! | J27: 0 | K27: 0 | L27: =E27*0.09+F27*0.09+G27*0.25+H27*0.07+I27*0.2+J27*0.2+K27*0.1 -> #DIV/0!
B28: 23 | C28: 1244 | D28: Martínez Rodríguez Dayana | E28: 4 | F28: 6.7 | G28: 0 | H28: 0 | I28: =Tareas!Q28 -> #DIV/0! | J28: 0 | K28: 0 | L28: =E28*0.09+F28*0.09+G28*0.25+H28*0.07+I28*0.2+J28*0.2+K28*0.1 -> #DIV/0!
B29: 24 | C29: 719 | D29: Mendoza Gaspar Julian | E29: 2 | F29: 2 | G29: 0 | H29: 0 | I29: =Tareas!Q29 -> #DIV/0! | J29: 0 | K29: 0 | L29: =E29*0.09+F29*0.09+G29*0.25+H29*0.07+I29*0.2+J29*0.2+K29*0.1 -> #DIV/0!
B30: 25 | C30: 1259 | D30: Paramo Castro Mateo | E30: 2 | F30: 3.3 | G30: 0 | H30: 0 | I30: =Tareas!Q30 -> #DIV/0! | J30: 0 | K30: 0 | L30: =E30*0.09+F30*0.09+G30*0.25+H30*0.07+I30*0.2+J30*0.2+K30*0.1 -> #DIV/0!
... B36: 31 | C36: 1254 | D36: Vera Gomez Santiago Karim | E36: 8 | F36: 8 | G36: 0 | H36: 0 | I36: =Tareas!Q36 -> #DIV/0! | J36: 0 | K36: 0 | L36: =E36*0.09+F36*0.09+G36*0.25+H36*0.07+I36*0.2+J36*0.2+K36*0.1 -> #DIV/0!
B37: TOTAL | E37: =AVERAGE(E6:E36) -> 5.0645161 | F37: =AVERAGE(F6:F36) -> 6.7258065 | G37: =AVERAGE(G6:G36) -> 0 | H37: =AVERAGE(H6:H36) -> 0 | I37: =AVERAGE(I6:I36) -> #DIV/0! | J37: =AVERAGE(J6:J36) -> 0 | K37: =AVERAGE(K6:K36) -> 0 | L37: =AVERAGE(L6:L36) -> #DIV/0!

Sheet Tareas
B2: N7 SECUNDARIA 1°A | E2: Historia
D3: Tarea | E3: Mapa sobre la Interculturalidad | F3: Los Indigenas del México actual | G3: Páginas 99, 100 y 101 | H3: Etnias de Guadalajara | I3: África en México página 14 | J3: Sincretismo | K3: Pueblos en resistencia (friso) | L3: La encomienda | M3: Fray Bartolome de las Casas | N3: La conspiración de los machetes | O3: Las reformas borbonicas | P3: Temario
E4: 1 | F4: 2 | G4: 3 | H4: 4 | I4: 5 | J4: 6 | K4: 7 | L4: 8 | M4: 9 | N4: 10 | O4: 11 | P4: 12 | Q4: Promedio
B5: No. | C5: Matrícula | D5: Nombre del Alumno
B6: 1 | C6: 1261 | D6: BARBOSA LEON DAMIAN ALEJANDRO | Q6: =AVERAGE(E6:P6) -> #DIV/0!
B7: 2 | C7: 1249 | D7: BARRAGAN CANELA LEONELA NICOLE | Q7: =AVERAGE(E7:P7) -> #DIV/0!
B8: 3 | C8: 1130 | D8: BARRERA ORTEGA XIMENA PAOLA | Q8: =AVERAGE(E8:P8) -> #DIV/0!
B9: 4 | C9: 605 | D9: BERNAL SERRANO JESSICA LILIANA | Q9: =AVERAGE(E9:P9) -> #DIV/0!
B10: 5 | C10: 612 | D10: CASTILLO LOPEZ CARLOS GAEL | Q10: =AVERAGE(E10:P10) -> #DIV/0!
B11: 6 | C11: 1159 | D11: CÁRDENAS CALÁ ANTONELLA | Q11: =AVERAGE(E11:P11) -> #DIV/0!
B12: 7 | C12: 1233 | D12: CRUZ GAMA MATEO EMILIANO | Q12: =AVERAGE(E12:P12) -> #DIV/0!
B13: 8 | C13: 1168 | D13: CUEVA RANGEL OSWALDO ELEAZAR | Q13: =AVERAGE(E13:P13) -> #DIV/0!
B14: 9 | C14: 1150 | D14: DÁVALOS SÁNCHEZ FRANCISCO TADEO | Q14: =AVERAGE(E14:P14) -> #DIV/0!
B15: 10 | C15: 1184 | D15: DÍAZ ELIZALDE SOFÍA | Q15: =AVERAGE(E15:P15) -> #DIV/0!
B16: 11 | C16: 1270 | D16: ESPINOZA GONZALEZ LEONARDO DANIEL | Q16: =AVERAGE(E16:P16) -> #DIV/0!
B17: 12 | C17: 1199 | D17: FUENTES FERNANDEZ MAXIMO DARIO | Q17: =AVERAGE(E17:P17) -> #DIV/0!
B18: 13 | C18: PPRIM242550 | D18: GONZALEZ PARRA AMANDA RHOMINA | Q18: =AVERAGE(E18:P18) -> #DIV/0!
B19: 14 | C19: 1246 | D19: GONZALEZ SOTO ADIEL EMILIANO | Q19: =AVERAGE(E19:P19) -> #DIV/0!
B20: 15 | C20: 1156 | D20: GONZÁLEZ DE LA CERDA ISAÍAS DANIEL | Q20: =AVERAGE(E20:P20) -> #DIV/0!
B21: 16 | C21: 1187 | D21: HERNÁNDEZ FÉLIX NEIZAN JESÚS | Q21: =AVERAGE(E21:P21) -> #DIV/0!
B22: 17 | C22: 1202 | D22: HERNÁNDEZ LÓPEZ SANTIAGO MATÍAS | Q22: =AVERAGE(E22:P22) -> #DIV/0!
B23: 18 | C23: 1147 | D23: IRINEO NAVARRO SOFIA ESMERALDA | Q23: =AVERAGE(E23:P23) -> #DIV/0!
B24: 19 | C24: 1193 | D24: IVAÑEZ DURAN TADEO SALVADOR | Q24: =AVERAGE(E24:P24) -> #DIV/0!
B25: 20 | C25: 1209 | D25: JAIME CAMBERO IAN CARLO | Q25: =AVERAGE(E25:P25) -> #DIV/0!
B26: 21 | C26: 1153 | D26: JIMENEZ MORENO FÁTIMA JOHANA YAZMIN | Q26: =AVERAGE(E26:P26) -> #DIV/0!
B27: 22 | C27: 1068 | D27: LÚA ALEXANDER YELENA ITZAYANA | Q27: =AVERAGE(E27:P27) -> #DIV/0!
B28: 23 | C28: 1244 | D28: MARTÍNEZ RODRÍGUEZ DAYANA | Q28: =AVERAGE(E28:P28) -> #DIV/0!
B29: 24 | C29: 719 | D29: MENDOZA GASPAR JULIAN | Q29: =AVERAGE(E29:P29) -> #DIV/0!
B30: 25 | C30: 1259 | D30: PARAMO CASTRO MATEO | Q30: =AVERAGE(E30:P30) -> #DIV/0!
... B36: 31 | C36: 1254 | D36: VERA GOMEZ SANTIAGO KARIM | Q36: =AVERAGE(E36:P36) -> #DIV/0!

Sheet Cuaderno
B2: N7 SECUNDARIA 1°A | E2: Historia
D3: Actividad | E3: Multiculturalidad en México | F3: Pueblos Originarios de México | G3: Los Orígenes | H3: Diferente cultura otra cosmovisión | I3: Pueblos en resistencia | J3: Condiciones adversas | K3: Rebeliones y levantamientos
E4: 1 | F4: 2 | G4: 3 | H4: 4 | I4: 5 | J4: 6 | K4: 7 | L4: Promedio
B5: No. | C5: Matrícula | D5: Nombre del Alumno
B6: 1 | C6: 1261 | D6: BARBOSA LEON DAMIAN ALEJANDRO | L6: =AVERAGE(E6:K6) -> #DIV/0!
B7: 2 | C7: 1249 | D7: BARRAGAN CANELA LEONELA NICOLE | L7: =AVERAGE(E7:K7) -> #DIV/0!
B8: 3 | C8: 1130 | D8: BARRERA ORTEGA XIMENA PAOLA | L8: =AVERAGE(E8:K8) -> #DIV/0!
B9: 4 | C9: 605 | D9: BERNAL SERRANO JESSICA LILIANA | L9: =AVERAGE(E9:K9) -> #DIV/0!
B10: 5 | C10: 612 | D10: CASTILLO LOPEZ CARLOS GAEL | L10: =AVERAGE(E10:K10) -> #DIV/0!
B11: 6 | C11: 1159 | D11: CÁRDENAS CALÁ ANTONELLA | L11: =AVERAGE(E11:K11) -> #DIV/0!
B12: 7 | C12: 1233 | D12: CRUZ GAMA MATEO EMILIANO | L12: =AVERAGE(E12:K12) -> #DIV/0!
B13: 8 | C13: 1168 | D13: CUEVA RANGEL OSWALDO ELEAZAR | L13: =AVERAGE(E13:K13) -> #DIV/0!
B14: 9 | C14: 1150 | D14: DÁVALOS SÁNCHEZ FRANCISCO TADEO | L14: =AVERAGE(E14:K14) -> #DIV/0!
B15: 10 | C15: 1184 | D15: DÍAZ ELIZALDE SOFÍA | L15: =AVERAGE(E15:K15) -> #DIV/0!
B16: 11 | C16: 1270 | D16: ESPINOZA GONZALEZ LEONARDO DANIEL | L16: =AVERAGE(E16:K16) -> #DIV/0!
B17: 12 | C17: 1199 | D17: FUENTES FERNANDEZ MAXIMO DARIO | L17: =AVERAGE(E17:K17) -> #DIV/0!
B18: 13 | C18: PPRIM242550 | D18: GONZALEZ PARRA AMANDA RHOMINA | L18: =AVERAGE(E18:K18) -> #DIV/0!
B19: 14 | C19: 1246 | D19: GONZALEZ SOTO ADIEL EMILIANO | L19: =AVERAGE(E19:K19) -> #DIV/0!
B20: 15 | C20: 1156 | D20: GONZÁLEZ DE LA CERDA ISAÍAS DANIEL | L20: =AVERAGE(E20:K20) -> #DIV/0!
B21: 16 | C21: 1187 | D21: HERNÁNDEZ FÉLIX NEIZAN JESÚS | L21: =AVERAGE(E21:K21) -> #DIV/0!
B22: 17 | C22: 1202 | D22: HERNÁNDEZ LÓPEZ SANTIAGO MATÍAS | L22: =AVERAGE(E22:K22) -> #DIV/0!
B23: 18 | C23: 1147 | D23: IRINEO NAVARRO SOFIA ESMERALDA | L23: =AVERAGE(E23:K23) -> #DIV/0!
B24: 19 | C24: 1193 | D24: IVAÑEZ DURAN TADEO SALVADOR | L24: =AVERAGE(E24:K24) -> #DIV/0!
B25: 20 | C25: 1209 | D25: JAIME CAMBERO IAN CARLO | L25: =AVERAGE(E25:K25) -> #DIV/0!
B26: 21 | C26: 1153 | D26: JIMENEZ MORENO FÁTIMA JOHANA YAZMIN | L26: =AVERAGE(E26:K26) -> #DIV/0!
B27: 22 | C27: 1068 | D27: LÚA ALEXANDER YELENA ITZAYANA | L27: =AVERAGE(E27:K27) -> #DIV/0!
B28: 23 | C28: 1244 | D28: MARTÍNEZ RODRÍGUEZ DAYANA | L28: =AVERAGE(E28:K28) -> #DIV/0!
B29: 24 | C29: 719 | D29: MENDOZA GASPAR JULIAN | L29: =AVERAGE(E29:K29) -> #DIV/0!
B30: 25 | C30: 1259 | D30: PARAMO CASTRO MATEO | L30: =AVERAGE(E30:K30) -> #DIV/0!
... B36: 31 | C36: 1254 | D36: VERA GOMEZ SANTIAGO KARIM | L36: =AVERAGE(E36:K36) -> #DIV/0!

Sheet Libro
B2: N7 SECUNDARIA 1°A | E2: Historia
D3: Libro | E3: Multiculturalidad en México | H3: Pueblos Originarios de México | J3: Los Orígenes | Q3: Diferente cultura otra cosmovisión | U3: Pueblos en resistencia | X3: Condiciones adversas | Z3: Rebeliones y levantamientos
D4: Página | E4: 4 | F4: 5 | G4: 6 | H4: 7 | I4: 8 | J4: 9 | K4: 10 | L4: 11 | M4: 12 | N4: 13 | O4: 14 | P4: 15 | Q4: 16 | R4: 17 | S4: 18 | T4: 19 | U4: 20 | V4: 21 | W4: 22 | X4: 23 | Y4: 24 | Z4: 25 | AA4: 26 | AB4: 27 | AC4: 28 | AD4: 29 | AE4: 30 | AF4: 31 | AG4: Promedio
B5: No. | C5: Matrícula | D5: Nombre del Alumno
B6: 1 | C6: 1261 | D6: BARBOSA LEON DAMIAN ALEJANDRO | AG6: =AVERAGE(E6:AC6) -> #DIV/0!
B7: 2 | C7: 1249 | D7: BARRAGAN CANELA LEONELA NICOLE | AG7: =AVERAGE(E7:AC7) -> #DIV/0!
B8: 3 | C8: 1130 | D8: BARRERA ORTEGA XIMENA PAOLA | AG8: =AVERAGE(E8:AC8) -> #DIV/0!
B9: 4 | C9: 605 | D9: BERNAL SERRANO JESSICA LILIANA | AG9: =AVERAGE(E9:AC9) -> #DIV/0!
B10: 5 | C10: 612 | D10: CASTILLO LOPEZ CARLOS GAEL | AG10: =AVERAGE(E10:AC10) -> #DIV/0!
B11: 6 | C11: 1159 | D11: CÁRDENAS CALÁ ANTONELLA | AG11: =AVERAGE(E11:AC11) -> #DIV/0!
B12: 7 | C12: 1233 | D12: CRUZ GAMA MATEO EMILIANO | AG12: =AVERAGE(E12:AC12) -> #DIV/0!
B13: 8 | C13: 1168 | D13: CUEVA RANGEL OSWALDO ELEAZAR | AG13: =AVERAGE(E13:AC13) -> #DIV/0!
B14: 9 | C14: 1150 | D14: DÁVALOS SÁNCHEZ FRANCISCO TADEO | AG14: =AVERAGE(E14:AC14) -> #DIV/0!
B15: 10 | C15: 1184 | D15: DÍAZ ELIZALDE SOFÍA | AG15: =AVERAGE(E15:AC15) -> #DIV/0!
B16: 11 | C16: 1270 | D16: ESPINOZA GONZALEZ LEONARDO DANIEL | AG16: =AVERAGE(E16:AC16) -> #DIV/0!
B17: 12 | C17: 1199 | D17: FUENTES FERNANDEZ MAXIMO DARIO | AG17: =AVERAGE(E17:AC17) -> #DIV/0!
B18: 13 | C18: PPRIM242550 | D18: GONZALEZ PARRA AMANDA RHOMINA | AG18: =AVERAGE(E18:AC18) -> #DIV/0!
B19: 14 | C19: 1246 | D19: GONZALEZ SOTO ADIEL EMILIANO | AG19: =AVERAGE(E19:AC19) -> #DIV/0!
B20: 15 | C20: 1156 | D20: GONZÁLEZ DE LA CERDA ISAÍAS DANIEL | AG20: =AVERAGE(E20:AC20) -> #DIV/0!
B21: 16 | C21: 1187 | D21: HERNÁNDEZ FÉLIX NEIZAN JESÚS | AG21: =AVERAGE(E21:AC21) -> #DIV/0!
B22: 17 | C22: 1202 | D22: HERNÁNDEZ LÓPEZ SANTIAGO MATÍAS | AG22: =AVERAGE(E22:AC22) -> #DIV/0!
B23: 18 | C23: 1147 | D23: IRINEO NAVARRO SOFIA ESMERALDA | AG23: =AVERAGE(E23:AC23) -> #DIV/0!
B24: 19 | C24: 1193 | D24: IVAÑEZ DURAN TADEO SALVADOR | AG24: =AVERAGE(E24:AC24) -> #DIV/0!
B25: 20 | C25: 1209 | D25: JAIME CAMBERO IAN CARLO | AG25: =AVERAGE(E25:AC25) -> #DIV/0!
B26: 21 | C26: 1153 | D26: JIMENEZ MORENO FÁTIMA JOHANA YAZMIN | AG26: =AVERAGE(E26:AC26) -> #DIV/0!
B27: 22 | C27: 1068 | D27: LÚA ALEXANDER YELENA ITZAYANA | AG27: =AVERAGE(E27:AC27) -> #DIV/0!
B28: 23 | C28: 1244 | D28: MARTÍNEZ RODRÍGUEZ DAYANA | AG28: =AVERAGE(E28:AC28) -> #DIV/0!
B29: 24 | C29: 719 | D29: MENDOZA GASPAR JULIAN | AG29: =AVERAGE(E29:AC29) -> #DIV/0!
B30: 25 | C30: 1259 | D30: PARAMO CASTRO MATEO | AG30: =AVERAGE(E30:AC30) -> #DIV/0!
... B36: 31 | C36: 1254 | D36: VERA GOMEZ SANTIAGO KARIM | AG36: =AVERAGE(E36:AC36) -> #DIV/0!

Sheet Anexos
B2: N7 SECUNDARIA 1°A | E2: Historia
D3: Libro | E3: ¿Dónde estas los pueblos indigenas? | F3: África en México | G3: Cosmovisión | H3: El mismo mundo con otros ojos | I3: Infografía del mundo hacia México | J3: La encomienda | K3: Así se vivía | L3: Primeras insurrecciones
D4: Página | E4: 119 | F4: 123 | G4: 125 | H4: 127 | I4: 135 | J4: 137 | K4: 139 | L4: 141 | M4: Promedio
B5: No. | C5: Matrícula | D5: Nombre del Alumno
B6: 1 | C6: 1261 | D6: BARBOSA LEON DAMIAN ALEJANDRO | M6: =AVERAGE(E6:L6) -> #DIV/0!
B7: 2 | C7: 1249 | D7: BARRAGAN CANELA LEONELA NICOLE | M7: =AVERAGE(E7:L7) -> #DIV/0!
B8: 3 | C8: 1130 | D8: BARRERA ORTEGA XIMENA PAOLA | M8: =AVERAGE(E8:L8) -> #DIV/0!
B9: 4 | C9: 605 | D9: BERNAL SERRANO JESSICA LILIANA | M9: =AVERAGE(E9:L9) -> #DIV/0!
B10: 5 | C10: 612 | D10: CASTILLO LOPEZ CARLOS GAEL | M10: =AVERAGE(E10:L10) -> #DIV/0!
B11: 6 | C11: 1159 | D11: CÁRDENAS CALÁ ANTONELLA | M11: =AVERAGE(E11:L11) -> #DIV/0!
B12: 7 | C12: 1233 | D12: CRUZ GAMA MATEO EMILIANO | M12: =AVERAGE(E12:L12) -> #DIV/0!
B13: 8 | C13: 1168 | D13: CUEVA RANGEL OSWALDO ELEAZAR | M13: =AVERAGE(E13:L13) -> #DIV/0!
B14: 9 | C14: 1150 | D14: DÁVALOS SÁNCHEZ FRANCISCO TADEO | M14: =AVERAGE(E14:L14) -> #DIV/0!
B15: 10 | C15: 1184 | D15: DÍAZ ELIZALDE SOFÍA | M15: =AVERAGE(E15:L15) -> #DIV/0!
B16: 11 | C16: 1270 | D16: ESPINOZA GONZALEZ LEONARDO DANIEL | M16: =AVERAGE(E16:L16) -> #DIV/0!
B17: 12 | C17: 1199 | D17: FUENTES FERNANDEZ MAXIMO DARIO | M17: =AVERAGE(E17:L17) -> #DIV/0!
B18: 13 | C18: PPRIM242550 | D18: GONZALEZ PARRA AMANDA RHOMINA | M18: =AVERAGE(E18:L18) -> #DIV/0!
B19: 14 | C19: 1246 | D19: GONZALEZ SOTO ADIEL EMILIANO | M19: =AVERAGE(E19:L19) -> #DIV/0!
B20: 15 | C20: 1156 | D20: GONZÁLEZ DE LA CERDA ISAÍAS DANIEL | M20: =AVERAGE(E20:L20) -> #DIV/0!
B21: 16 | C21: 1187 | D21: HERNÁNDEZ FÉLIX NEIZAN JESÚS | M21: =AVERAGE(E21:L21) -> #DIV/0!
B22: 17 | C22: 1202 | D22: HERNÁNDEZ LÓPEZ SANTIAGO MATÍAS | M22: =AVERAGE(E22:L22) -> #DIV/0!
B23: 18 | C23: 1147 | D23: IRINEO NAVARRO SOFIA ESMERALDA | M23: =AVERAGE(E23:L23) -> #DIV/0!
B24: 19 | C24: 1193 | D24: IVAÑEZ DURAN TADEO SALVADOR | M24: =AVERAGE(E24:L24) -> #DIV/0!
B25: 20 | C25: 1209 | D25: JAIME CAMBERO IAN CARLO | M25: =AVERAGE(E25:L25) -> #DIV/0!
B26: 21 | C26: 1153 | D26: JIMENEZ MORENO FÁTIMA JOHANA YAZMIN | M26: =AVERAGE(E26:L26) -> #DIV/0!
B27: 22 | C27: 1068 | D27: LÚA ALEXANDER YELENA ITZAYANA | M27: =AVERAGE(E27:L27) -> #DIV/0!
B28: 23 | C28: 1244 | D28: MARTÍNEZ RODRÍGUEZ DAYANA | M28: =AVERAGE(E28:L28) -> #DIV/0!
B29: 24 | C29: 719 | D29: MENDOZA GASPAR JULIAN | M29: =AVERAGE(E29:L29) -> #DIV/0!
B30: 25 | C30: 1259 | D30: PARAMO CASTRO MATEO | M30: =AVERAGE(E30:L30) -> #DIV/0!
... B36: 31 | C36: 1254 | D36: VERA GOMEZ SANTIAGO KARIM | M36: =AVERAGE(E36:L36) -> #DIV/0!
