Workbook

Sheet Calificaciones
B2: N8 SECUNDARIA 2°A | E2: Historia II
D3: Concepto a Calificar | E3: Examen 1 | F3: Examen 2 | G3: Examen Trimestral | H3: Disciplina | I3: Tareas | J3: Registro Diario | K3: Proyecto | L3: Promedio | M3: Comentario de Apoyo Requerido
D4: Porcentaje | E4: 0.09 | F4: 0.09 | G4: 0.25 | H4: 0.07 | I4: 0.2 | J4: 0.2 | K4: 0.1
B5: No. | C5: Matrícula | D5: Nombre del Alumno
B6: 1 | C6: 1045 | D6: Arias Rojas Byron Osmar | E6: 9 | F6: 8 | G6: 0 | H6: 3 | I6: =Tareas!Q6 -> #DIV/0! | J6: 0 | K6: 0 | L6: =E6*0.09+F6*0.09+G8*0.25+H6*0.07+I6*0.2+J6*0.2+K6*0.1 -> #DIV/0!
B7: 2 | C7: 1060 | D7: Arreola Ibarra Iker Santiago | E7: 7 | F7: 8 | G7: 0 | H7: 6 | I7: =Tareas!Q7 -> #DIV/0! | J7: =#REF!*0.5+Cuaderno!N7*0.5 -> #REF! | K7: 0 | L7: =E7*0.09+F7*0.09+G7*0.25+H7*0.07+I7*0.2+J7*0.2+K7*0.1 -> #DIV/0!
B8: 3 | C8: 1108 | D8: Blanco Mondragon Estela Mariel | E8: 8 | F8: 10 | G8: 0 | H8: 9 | I8: =Tareas!Q8 -> #DIV/0! | J8: =#REF!*0.5+Cuaderno!N8*0.5 -> #REF! | K8: 0 | L8: =E8*0.09+F8*0.09+G8*0.25+H8*0.07+I8*0.2+J8*0.2+K8*0.1 -> #DIV/0!
B9: 4 | C9: 876 | D9: Camejo de la Torre Rebeca Abigail | E9: 10 | F9: 8.7 | G9: 0 | H9: 10 | I9: =Tareas!Q9 -> #DIV/0! | J9: =#REF!*0.5+Cuaderno!N9*0.5 -> #REF! | K9: 0 | L9: =E9*0.09+F9*0.09+G9*0.25+H9*0.07+I9*0.2+J9*0.2+K9*0.1 -> #DIV/0!
B10: 5 | C10: 639 | D10: Cano Monge Jesus Aaron | E10: 10 | F10: 10 | G10: 0 | H10: 10 | I10: =Tareas!Q10 -> #DIV/0! | J10: =#REF!*0.5+Cuaderno!N10*0.5 -> #REF! | K10: 0 | L10: =E10*0.09+F10*0.09+G10*0.25+H10*0.07+I10*0.2+J10*0.2+K10*0.1 -> #DIV/0!
B11: 6 | C11: 1224 | D11: Castro Vergara Maia Sofía | E11: 8 | F11: 4.7 | G11: 0 | H11: 8 | I11: =Tareas!Q11 -> #DIV/0! | J11: =#REF!*0.5+Cuaderno!N11*0.5 -> #REF! | K11: 0 | L11: =E11*0.09+F11*0.09+G11*0.25+H11*0.07+I11*0.2+J11*0.2+K11*0.1 -> #DIV/0!
B12: 7 | C12: 1069 | D12: Del Valle Rodriguez Dante Karim | E12: 9 | F12: 10 | G12: 0 | H12: 0 | I12: =Tareas!Q12 -> #DIV/0! | J12: =#REF!*0.5+Cuaderno!N12*0.5 -> #REF! | K12: 0 | L12: =E12*0.09+F12*0.09+G12*0.25+H12*0.07+I12*0.2+J12*0.2+K12*0.1 -> #DIV/0!
B13: 8 | C13: 1003 | D13: Franco Cervantes Valeria | E13: 10 | F13: 6 | G13: 0 | H13: 9 | I13: =Tareas!Q13 -> #DIV/0! | J13: =#REF!*0.5+Cuaderno!N13*0.5 -> #REF! | K13: 0 | L13: =E13*0.09+F13*0.09+G13*0.25+H13*0.07+I13*0.2+J13*0.2+K13*0.1 -> #DIV/0!
B14: 9 | C14: 698 | D14: Garcia Garcia Daxel Alejandro | E14: 9 | F14: 0 | G14: 0 | H14: 8 | I14: =Tareas!Q14 -> #DIV/0! | J14: =#REF!*0.5+Cuaderno!N14*0.5 -> #REF! | K14: 0 | L14: =E14*0.09+F14*0.09+G14*0.25+H14*0.07+I14*0.2+J14*0.2+K14*0.1 -> #DIV/0!
B15: 10 | C15: 1004 | D15: Gomez Torres Ethan Mateo | E15: 8 | F15: 8 | G15: 0 | H15: 3 | I15: =Tareas!Q15 -> #DIV/0! | J15: =#REF!*0.5+Cuaderno!N15*0.5 -> #REF! | K15: 0 | L15: =E15*0.09+F15*0.09+G15*0.25+H15*0.07+I15*0.2+J15*0.2+K15*0.1 -> #DIV/0!
B16: 11 | C16: 1214 | D16: Gonzalez Martinez Daniela Nicole | E16: 7 | F16: 6.7 | G16: 0 | H16: 8 | I16: =Tareas!Q16 -> #DIV/0! | J16: =#REF!*0.5+Cuaderno!N16*0.5 -> #REF! | K16: 0 | L16: =E16*0.09+F16*0.09+G16*0.25+H16*0.07+I16*0.2+J16*0.2+K16*0.1 -> #DIV/0!
B17: 12 | C17: 1083 | D17: Lopez Navarro Mia Sophia | E17: 9 | F17: 9.7 | G17: 0 | H17: 9 | I17: =Tareas!Q17 -> #DIV/0! | J17: =#REF!*0.5+Cuaderno!N17*0.5 -> #REF! | K17: 0 | L17: =E17*0.09+F17*0.09+G17*0.25+H17*0.07+I17*0.2+J17*0.2+K17*0.1 -> #DIV/0!
B18: 13 | C18: 1006 | D18: Maldonado Hernandez Joel | E18: 4 | F18: 9.3 | G18: 0 | H18: 6 | I18: =Tareas!Q18 -> #DIV/0! | J18: =#REF!*0.5+Cuaderno!N18*0.5 -> #REF! | K18: 0 | L18: =E18*0.09+F18*0.09+G18*0.25+H18*0.07+I18*0.2+J18*0.2+K18*0.1 -> #DIV/0!
... B29: 24 | C29: 1221 | D29: Zavala Cortés Madeline | E29: 10 | F29: 6.7 | G29: 0 | H29: 7 | I29: =Tareas!Q29 -> #DIV/0! | J29: =#REF!*0.5+Cuaderno!N29*0.5 -> #REF! | K29: 0 | L29: =E29*0.09+F29*0.09+G29*0.25+H29*0.07+I29*0.2+J29*0.2+K29*0.1 -> #DIV/0!
B30: TOTAL | E30: =AVERAGE(E6:E29) -> 7.4583333 | F30: =AVERAGE(F6:F29) -> 7.4333333 | G30: =AVERAGE(G6:G29) -> 0 | H30: =AVERAGE(H6:H29) -> 6.7916667 | I30: =AVERAGE(I6:I29) -> #DIV/0! | J30: =AVERAGE(J6:J29) -> #REF! | K30: =AVERAGE(K6:K29) -> 0 | L30: =AVERAGE(L6:L29) -> #DIV/0!

Sheet Tareas
B2: N8 SECUNDARIA 2°A | E2: Historia II
D3: Tarea | E3: Santa Anna ¿Heroe, villano o estratega? | F3: Línea del Tiempo: 11 periodos presidenciales de Santa Anna | G3: Dictaduras actuales de América Latina | H3: Alternancia política en México | I3: Liberal o conservador | J3: Collage Guerras de Reforma | K3: La Ley Lerdo | L3: Benemérito de las Américas | M3: Tratados Internacionales Juárez | N3: Segunda Intervención Francesa | O3: El Porfiriato | P3: Temario
E4: 1 | F4: 2 | G4: 3 | H4: 4 | I4: 5 | J4: 6 | K4: 7 | L4: 8 | M4: 9 | N4: 10 | O4: 11 | P4: 12 | Q4: Promedio
B5: No. | C5: Matrícula | D5: Nombre del Alumno
B6: 1 | C6: 1045 | D6: Arias Rojas Byron Osmar | Q6: =AVERAGE(E6:P6) -> #DIV/0!
B7: 2 | C7: 1060 | D7: Arreola Ibarra Iker Santiago | Q7: =AVERAGE(E7:P7) -> #DIV/0!
B8: 3 | C8: 1108 | D8: Blanco Mondragon Estela Mariel | Q8: =AVERAGE(E8:P8) -> #DIV/0!
B9: 4 | C9: 876 | D9: Camejo de la Torre Rebeca Abigail | Q9: =AVERAGE(E9:P9) -> #DIV/0!
B10: 5 | C10: 639 | D10: Cano Monge Jesus Aaron | Q10: =AVERAGE(E10:P10) -> #DIV/0!
B11: 6 | C11: 1224 | D11: Castro Vergara Maia Sofía | Q11: =AVERAGE(E11:P11) -> #DIV/0!
B12: 7 | C12: 1069 | D12: Del Valle Rodriguez Dante Karim | Q12: =AVERAGE(E12:P12) -> #DIV/0!
B13: 8 | C13: 1003 | D13: Franco Cervantes Valeria | Q13: =AVERAGE(E13:P13) -> #DIV/0!
B14: 9 | C14: 698 | D14: Garcia Garcia Daxel Alejandro | Q14: =AVERAGE(E14:P14) -> #DIV/0!
B15: 10 | C15: 1004 | D15: Gomez Torres Ethan Mateo | Q15: =AVERAGE(E15:P15) -> #DIV/0!
B16: 11 | C16: 1214 | D16: Gonzalez Martinez Daniela Nicole | Q16: =AVERAGE(E16:P16) -> #DIV/0!
B17: 12 | C17: 1083 | D17: Lopez Navarro Mia Sophia | Q17: =AVERAGE(E17:P17) -> #DIV/0!
... B29: 24 | C29: 1221 | D29: Zavala Cortés Madeline | Q29: =AVERAGE(E29:P29) -> #DIV/0!

Sheet Cuaderno
B2: N8 SECUNDARIA 2°A
D3: Cuaderno | E3: Antonio López de Santa Anna | F3: Periodos Presidenciales Santa Anna | G3: Un gobierno de pérdidas y ovaciones | H3: ¿Qué paso con Santa Anna? | I3: Guerra de Reforma | J3: Inicio de la Guerra de Reforma | K3: Leyes de Reforma | L3: Liberales y Conservadores | M3: Segundo Imperio | N3: Promedio
D4: Actividad | E4: 1 | F4: 2 | G4: 3 | H4: 4 | I4: 5 | J4: 6 | K4: 7 | L4: 8 | M4: 9
B5: No. | C5: Matrícula | D5: Nombre del Alumno
B6: 1 | C6: 1045 | D6: Arias Rojas Byron Osmar | N6: =AVERAGE(E6:L6) -> #DIV/0!
B7: 2 | C7: 1060 | D7: Arreola Ibarra Iker Santiago | N7: =AVERAGE(E7:L7) -> #DIV/0!
B8: 3 | C8: 1108 | D8: Blanco Mondragon Estela Mariel | N8: =AVERAGE(E8:L8) -> #DIV/0!
B9: 4 | C9: 876 | D9: Camejo de la Torre Rebeca Abigail | N9: =AVERAGE(E9:L9) -> #DIV/0!
B10: 5 | C10: 639 | D10: Cano Monge Jesus Aaron | N10: =AVERAGE(E10:L10) -> #DIV/0!
B11: 6 | C11: 1224 | D11: Castro Vergara Maia Sofía | N11: =AVERAGE(E11:L11) -> #DIV/0!
B12: 7 | C12: 1069 | D12: Del Valle Rodriguez Dante Karim | N12: =AVERAGE(E12:L12) -> #DIV/0!
B13: 8 | C13: 1003 | D13: Franco Cervantes Valeria | N13: =AVERAGE(E13:L13) -> #DIV/0!
B14: 9 | C14: 698 | D14: Garcia Garcia Daxel Alejandro | N14: =AVERAGE(E14:L14) -> #DIV/0!
B15: 10 | C15: 1004 | D15: Gomez Torres Ethan Mateo | N15: =AVERAGE(E15:L15) -> #DIV/0!
B16: 11 | C16: 1214 | D16: Gonzalez Martinez Daniela Nicole | N16: =AVERAGE(E16:L16) -> #DIV/0!
B17: 12 | C17: 1083 | D17: Lopez Navarro Mia Sophia | N17: =AVERAGE(E17:L17) -> #DIV/0!
... B29: 24 | C29: 1221 | D29: Zavala Cortés Madeline | N29: =AVERAGE(E29:L29) -> #DIV/0!

Sheet Libro
B2: N8 SECUNDARIA 2°A
D3: Libro | E3: Antonio López de Santa Anna | H3: Periodos Presidenciales Santa Anna | J3: Un gobierno de pérdidas y ovaciones | O3: ¿Qué paso con Santa Anna? | S3: Guerra de Reforma | V3: Inicio de la Guerra de Reforma | X3: Leyes de Reforma | AE3: Liberales y Conservadores | AI3: Segundo Imperio | AM3: Promedio
D4: Página | E4: 4 | F4: 5 | G4: 6 | H4: 7 | I4: 8 | J4: 9 | K4: 10 | L4: 11 | M4: 12 | N4: 13 | O4: 14 | P4: 15 | Q4: 16 | R4: 17 | S4: 18 | T4: 19 | U4: 20 | V4: 21 | W4: 22 | X4: 23 | Y4: 24 | Z4: 25 | AA4: 26 | AB4: 27 | AC4: 28 | AD4: 29 | AE4: 30 | AF4: 31 | AG4: 32 | AH4: 33 | AI4: 34 | AJ4: 35 | AK4: 36 | AL4: 37
B5: No. | C5: Matrícula | D5: Nombre del Alumno
B6: 1 | C6: 1045 | D6: Arias Rojas Byron Osmar | AM6: =AVERAGE(E6:AC6) -> #DIV/0!
B7: 2 | C7: 1060 | D7: Arreola Ibarra Iker Santiago | AM7: =AVERAGE(E7:AC7) -> #DIV/0!
B8: 3 | C8: 1108 | D8: Blanco Mondragon Estela Mariel | AM8: =AVERAGE(E8:AC8) -> #DIV/0!
B9: 4 | C9: 876 | D9: Camejo de la Torre Rebeca Abigail | AM9: =AVERAGE(E9:AC9) -> #DIV/0!
B10: 5 | C10: 639 | D10: Cano Monge Jesus Aaron | AM10: =AVERAGE(E10:AC10) -> #DIV/0!
B11: 6 | C11: 1224 | D11: Castro Vergara Maia Sofía | AM11: =AVERAGE(E11:AC11) -> #DIV/0!
B12: 7 | C12: 1069 | D12: Del Valle Rodriguez Dante Karim | AM12: =AVERAGE(E12:AC12) -> #DIV/0!
B13: 8 | C13: 1003 | D13: Franco Cervantes Valeria | AM13: =AVERAGE(E13:AC13) -> #DIV/0!
B14: 9 | C14: 698 | D14: Garcia Garcia Daxel Alejandro | AM14: =AVERAGE(E14:AC14) -> #DIV/0!
B15: 10 | C15: 1004 | D15: Gomez Torres Ethan Mateo | AM15: =AVERAGE(E15:AC15) -> #DIV/0!
B16: 11 | C16: 1214 | D16: Gonzalez Martinez Daniela Nicole | AM16: =AVERAGE(E16:AC16) -> #DIV/0!
B17: 12 | C17: 1083 | D17: Lopez Navarro Mia Sophia | AM17: =AVERAGE(E17:AC17) -> #DIV/0!
... B29: 24 | C29: 1221 | D29: Zavala Cortés Madeline | AM29: =AVERAGE(E29:AC29) -> #DIV/0!

Sheet Anexos
B2: N8 SECUNDARIA 2°A
D3: Libro | E3: Así llegue al poder | F3: La píerna de Santa Anna | G3: ¿Cuánto cuesta tu territorio? | H3: ¿Qué es una disctadura? | I3: Parte y Comparte | J3: Juntos pero no revueltos | K3: Cuentas claras | L3: Libertades y garantías | M3: La reforma en la vida cotidiana | N3: ¿Quéson las leyes de Reforma? | O3: Libertad de tránsito | P3: Insistencia española | Q3: Todos contra uno | R3: Promedio
D4: Página | E4: 193 | F4: 195 | G4: 197 | H4: 199 | I4: 201 | J4: 203 | K4: 205 | L4: 207 | M4: 209 | N4: 217 | O4: 227 | P4: 229 | Q4: 231
B5: No. | C5: Matrícula | D5: Nombre del Alumno
B6: 1 | C6: 1045 | D6: Arias Rojas Byron Osmar | R6: =AVERAGE(E6:K6) -> #DIV/0!
B7: 2 | C7: 1060 | D7: Arreola Ibarra Iker Santiago | R7: =AVERAGE(E7:K7) -> #DIV/0!
B8: 3 | C8: 1108 | D8: Blanco Mondragon Estela Mariel | R8: =AVERAGE(E8:K8) -> #DIV/0!
B9: 4 | C9: 876 | D9: Camejo de la Torre Rebeca Abigail | R9: =AVERAGE(E9:K9) -> #DIV/0!
B10: 5 | C10: 639 | D10: Cano Monge Jesus Aaron | R10: =AVERAGE(E10:K10) -> #DIV/0!
B11: 6 | C11: 1224 | D11: Castro Vergara Maia Sofía | R11: =AVERAGE(E11:K11) -> #DIV/0!
B12: 7 | C12: 1069 | D12: Del Valle Rodriguez Dante Karim | R12: =AVERAGE(E12:K12) -> #DIV/0!
B13: 8 | C13: 1003 | D13: Franco Cervantes Valeria | R13: =AVERAGE(E13:K13) -> #DIV/0!
B14: 9 | C14: 698 | D14: Garcia Garcia Daxel Alejandro | R14: =AVERAGE(E14:K14) -> #DIV/0!
B15: 10 | C15: 1004 | D15: Gomez Torres Ethan Mateo | R15: =AVERAGE(E15:K15) -> #DIV/0!
B16: 11 | C16: 1214 | D16: Gonzalez Martinez Daniela Nicole | R16: =AVERAGE(E16:K16) -> #DIV/0!
B17: 12 | C17: 1083 | D17: Lopez Navarro Mia Sophia | R17: =AVERAGE(E17:K17) -> #DIV/0!
... B29: 24 | C29: 1221 | D29: Zavala Cortés Madeline | R29: =AVERAGE(E29:K29) -> #DIV/0!
