Workbook

Sheet Calificaciones
B2: N9 SECUNDARIA 3°A | E2: Historia
D3: Concepto a Calificar | E3: Examen 1 | F3: Examen 2 | G3: Examen Trimestral | H3: Disciplina | I3: Tareas | J3: Registro Diario | K3: Proyecto | L3: Promedio | M3: Comentario de Apoyo Requerido
D4: Porcentaje | E4: 0.09 | F4: 0.09 | G4: 0.25 | H4: 0.07 | I4: 0.2 | J4: 0.2 | K4: 0.1
B5: No. | C5: Matrícula | D5: Nombre del Alumno
B6: 1 | C6: 1045 | D6: Abarca Sanchez Gabriel Alejandro | E6: 0 | F6: 10 | G6: 0 | H6: 0 | I6: =Tareas!Y6 -> 0 | J6: =Libro!AS6*0.5 -> #DIV/0! | K6: 0 | L6: =E6*0.09+F6*0.09+G8*0.25+H6*0.07+I6*0.2+J6*0.2+K6*0.1 -> #DIV/0!
B7: 2 | C7: 1060 | D7: Almanza Rocha Alessandra Samantha | E7: 6 | F7: 9.3 | G7: 0 | H7: 0 | I7: =Tareas!Y7 -> 8.9473684 | J7: =Libro!AS7*0.5 -> #DIV/0! | K7: 0 | L7: =E7*0.09+F7*0.09+G7*0.25+H7*0.07+I7*0.2+J7*0.2+K7*0.1 -> #DIV/0!
B8: 3 | C8: 1108 | D8: Chavez Cardenas Jaime Andres | E8: 7 | F8: 10 | G8: 0 | H8: 0 | I8: =Tareas!Y8 -> 3.6842105 | J8: =Libro!AS8*0.5 -> #DIV/0! | K8: 0 | L8: =E8*0.09+F8*0.09+G8*0.25+H8*0.07+I8*0.2+J8*0.2+K8*0.1 -> #DIV/0!
B9: 4 | C9: 876 | D9: Gomez Zamora Eduardo | E9: 6 | F9: 10 | G9: 0 | H9: 0 | I9: =Tareas!Y9 -> 8.9473684 | J9: =Libro!AS9*0.5 -> #DIV/0! | K9: 0 | L9: =E9*0.09+F9*0.09+G9*0.25+H9*0.07+I9*0.2+J9*0.2+K9*0.1 -> #DIV/0!
B10: 5 | C10: 639 | D10: Martinez Elizondo Iker Matias | E10: 8 | F10: 9.3 | G10: 0 | H10: 0 | I10: =Tareas!Y10 -> 6.3157895 | J10: =Libro!AS10*0.5 -> #DIV/0! | K10: 0 | L10: =E10*0.09+F10*0.09+G10*0.25+H10*0.07+I10*0.2+J10*0.2+K10*0.1 -> #DIV/0!
B11: 6 | C11: 1224 | D11: Matute Castillo Danna Alessandra | E11: 8 | F11: 8 | G11: 0 | H11: 0 | I11: =Tareas!Y11 -> 8.4210526 | J11: =Libro!AS11*0.5 -> #DIV/0! | K11: 0 | L11: =E11*0.09+F11*0.09+G11*0.25+H11*0.07+I11*0.2+J11*0.2+K11*0.1 -> #DIV/0!
B12: 7 | C12: 1069 | D12: Velazquez Salazar Valentina | E12: 5 | F12: 8.7 | G12: 0 | H12: 0 | I12: =Tareas!Y12 -> 5.2631579 | J12: =Libro!AS12*0.5 -> #DIV/0! | K12: 0 | L12: =E12*0.09+F12*0.09+G12*0.25+H12*0.07+I12*0.2+J12*0.2+K12*0.1 -> #DIV/0!
B13: TOTAL | E13: =AVERAGE(E6:E12) -> 5.7142857 | F13: =AVERAGE(F6:F12) -> 9.3285714 | G13: =AVERAGE(G6:G12) -> 0 | H13: =AVERAGE(H6:H12) -> 0 | I13: =AVERAGE(I6:I12) -> 5.9398496 | J13: =AVERAGE(J6:J12) -> #DIV/0! | K13: =AVERAGE(K6:K12) -> 0 | L13: =AVERAGE(L6:L12) -> #DIV/0!

Sheet Tareas
B2: N9 SECUNDARIA 3°A | F2: Historia
D3: Tarea | E3: ¿Qué es el ADN? | F3: Civilizaciones Egipto, Mesopotamia y China | G3: Fósiles de homínidos | H3: Investigación de un homínido antepasado | I3: La teoría de la evolución de Darwin | J3: Civilizaciones India, Grecia y Roma | K3: Ideas de la evolución de Darwin | L3: ¿Qué es la antropología? | M3: Jerarquización de las civilizaciones antiguas, | N3: Países que rodean el mar mediterráneo | O3: Biografía de Cleopatra o Julio César | P3: Mito o leyenda de la edad media | Q3: ¿Qué es la teología? | R3: Maqueta de un castillo medieval | S3: Mapa de Europa con los respectivos renos feudales | T3: Aportes de la cultura árabe a la cultura occidental | U3: Mito o leyenda de la edad media | V3: Imagen sobre una pintura o escultura renacentista | W3: Biografía de algún artista renacentista | X3: El turismo actual | Y3: Promedio
E4: 1 | F4: 2 | G4: 3 | H4: 4 | I4: 5 | J4: 6 | K4: 7 | L4: 8 | M4: 9 | N4: 10 | O4: 11 | P4: 12 | Q4: 13 | R4: 14 | S4: 15 | T4: 16 | U4: 17 | V4: 18 | W4: 19 | X4: 20
B5: No. | C5: Matrícula | D5: Nombre del Alumno
B6: 1 | C6: 1045 | D6: Abarca Sanchez Gabriel Alejandro | E6: 0 | F6: 0 | G6: 0 | H6: 0 | I6: 0 | J6: 0 | K6: 0 | L6: 0 | M6: 0 | N6: 0 | O6: 0 | P6: 0 | Q6: 0 | R6: 0 | S6: 0 | T6: 0 | U6: 0 | V6: 0 | W6: 0 | X6: 0 | Y6: =AVERAGE(F6:X6) -> 0
B7: 2 | C7: 1060 | D7: Almanza Rocha Alessandra Samantha | E7: 10 | F7: 10 | G7: 0 | H7: 10 | I7: 10 | J7: 10 | K7: 10 | L7: 10 | M7: 10 | N7: 10 | O7: 10 | P7: 0 | Q7: 10 | R7: 10 | S7: 10 | T7: 10 | U7: 10 | V7: 10 | W7: 10 | X7: 10 | Y7: =AVERAGE(F7:X7) -> 8.9473684
B8: 3 | C8: 1108 | D8: Chavez Cardenas Jaime Andres | E8: 0 | F8: 0 | G8: 0 | H8: 10 | I8: 0 | J8: 0 | K8: 0 | L8: 10 | M8: 0 | N8: 10 | O8: 0 | P8: 0 | Q8: 10 | R8: 10 | S8: 0 | T8: 0 | U8: 0 | V8: 10 | W8: 10 | X8: 0 | Y8: =AVERAGE(F8:X8) -> 3.6842105
B9: 4 | C9: 876 | D9: Gomez Zamora Eduardo | E9: 10 | F9: 10 | G9: 0 | H9: 10 | I9: 10 | J9: 10 | K9: 10 | L9: 10 | M9: 10 | N9: 10 | O9: 10 | P9: 0 | Q9: 10 | R9: 10 | S9: 10 | T9: 10 | U9: 10 | V9: 10 | W9: 10 | X9: 10 | Y9: =AVERAGE(F9:X9) -> 8.9473684
B10: 5 | C10: 639 | D10: Martinez Elizondo Iker Matias | E10: 10 | F10: 10 | G10: 0 | H10: 10 | I10: 0 | J10: 10 | K10: 10 | L10: 10 | M10: 0 | N10: 10 | O10: 0 | P10: 0 | Q10: 0 | R10: 10 | S10: 0 | T10: 10 | U10: 10 | V10: 10 | W10: 10 | X10: 10 | Y10: =AVERAGE(F10:X10) -> 6.3157895
B11: 6 | C11: 1224 | D11: Matute Castillo Danna Alessandra | E11: 0 | F11: 10 | G11: 0 | H11: 10 | I11: 10 | J11: 10 | K11: 10 | L11: 10 | M11: 10 | N11: 0 | O11: 10 | P11: 10 | Q11: 0 | R11: 10 | S11: 10 | T11: 10 | U11: 10 | V11: 10 | W11: 10 | X11: 10 | Y11: =AVERAGE(F11:X11) -> 8.4210526
B12: 7 | C12: 1069 | D12: Velazquez Salazar Valentina | E12: 10 | F12: 10 | G12: 0 | H12: 10 | I12: 0 | J12: 10 | K12: 10 | L12: 10 | M12: 0 | N12: 10 | O12: 0 | P12: 0 | Q12: 0 | R12: 10 | S12: 0 | T12: 0 | U12: 10 | V12: 10 | W12: 10 | X12: 0 | Y12: =AVERAGE(F12:X12) -> 5.2631579

Sheet Libro
B2: N9 SECUNDARIA 3°A | E2: Historia
D3: Libro | E3: La Independencia en América | G3: Procesos de Independencia | H3: Lideres Independentistas | J3: Independencia de las trece colonias | P3: Dependencia independiente | U3: Las revoluciones modernas | X3: Origen de la industria | AB3: Revoluciones que cambiaron al mundo | AF3: De occidente para el mundo | AK3: Surgimiento del sistema capitalista | AN3: Capitalismo latente | AS3: Promedio
D4: Páginas | E4: 4 | F4: 5 | G4: 6 | H4: 7 | I4: 8 | J4: 9 | K4: 10 | L4: 11 | M4: 12 | N4: 13 | O4: 14 | P4: 15 | Q4: 16 | R4: 17 | S4: 18 | T4: 19 | U4: 20 | V4: 21 | W4: 22 | X4: 23 | Y4: 24 | Z4: 25 | AA4: 26 | AB4: 27 | AC4: 28 | AD4: 29 | AE4: 30 | AF4: 31 | AG4: 32 | AH4: 33 | AI4: 34 | AJ4: 35 | AK4: 36 | AL4: 37 | AM4: 38 | AN4: 39 | AO4: 40 | AP4: 41 | AQ4: 42 | AR4: 43
B5: No. | C5: Matrícula | D5: Nombre del Alumno
B6: 1 | C6: 1045 | D6: Abarca Sanchez Gabriel Alejandro | AS6: =AVERAGE(E6:AC6) -> #DIV/0!
B7: 2 | C7: 1060 | D7: Almanza Rocha Alessandra Samantha | AS7: =AVERAGE(E7:AC7) -> #DIV/0!
B8: 3 | C8: 1108 | D8: Chavez Cardenas Jaime Andres | AS8: =AVERAGE(E8:AC8) -> #DIV/0!
B9: 4 | C9: 876 | D9: Gomez Zamora Eduardo | AS9: =AVERAGE(E9:AC9) -> #DIV/0!
B10: 5 | C10: 639 | D10: Martinez Elizondo Iker Matias | AS10: =AVERAGE(E10:AC10) -> #DIV/0!
B11: 6 | C11: 1224 | D11: Matute Castillo Danna Alessandra | AS11: =AVERAGE(E11:AC11) -> #DIV/0!
B12: 7 | C12: 1069 | D12: Velazquez Salazar Valentina | AS12: =AVERAGE(E12:AC12) -> #DIV/0!

Sheet Anexos
B2: N9 SECUNDARIA 3°A
D3: Libro | E3: Lideres Independentistas | F3: Independencia de las trece colonias | H3: Guerras de indenpendencia en Latino América | I3: Bélice el último en la lista | J3: Colonias en la actualidad | K3: Cambios y permanencias | L3: Herencia de la Revolución Industrial | M3: Declaración universal | N3: Juventud revolucionaria | O3: Napoleón | P3: Promedio
D4: Páginas | E4: 161 | F4: 163 | G4: 179 | H4: 173 | I4: 175 | J4: 177 | K4: 181 | L4: 183 | M4: 185 | N4: 187 | O4: 189
B5: No. | C5: Matrícula | D5: Nombre del Alumno
B6: 1 | C6: 1045 | D6: Abarca Sanchez Gabriel Alejandro | P6: =AVERAGE(E6:K6) -> #DIV/0!
B7: 2 | C7: 1060 | D7: Almanza Rocha Alessandra Samantha | P7: =AVERAGE(E7:K7) -> #DIV/0!
B8: 3 | C8: 1108 | D8: Chavez Cardenas Jaime Andres | P8: =AVERAGE(E8:K8) -> #DIV/0!
B9: 4 | C9: 876 | D9: Gomez Zamora Eduardo | P9: =AVERAGE(E9:K9) -> #DIV/0!
B10: 5 | C10: 639 | D10: Martinez Elizondo Iker Matias | P10: =AVERAGE(E10:K10) -> #DIV/0!
B11: 6 | C11: 1224 | D11: Matute Castillo Danna Alessandra | P11: =AVERAGE(E11:K11) -> #DIV/0!
B12: 7 | C12: 1069 | D12: Velazquez Salazar Valentina | P12: =AVERAGE(E12:K12) -> #DIV/0!

Sheet Cuaderno
B2: N9 SECUNDARIA 3°A | E2: Historia
D3: Actividad | E3: La Independencia en América | F3: Procesos de Independencia | G3: Lideres Independentistas | H3: Independencia de las trece colonias | I3: Dependencia independiente | J3: Las revoluciones modernas | K3: Origen de la industria | L3: Revoluciones que cambiaron al mundo | M3: De occidente para el mundo | N3: Surgimiento del sistema capitalista | O3: Capitalismo latente | P3: Promedio
E4: 1 | F4: 2 | G4: 3 | H4: 4 | I4: 5 | J4: 6 | K4: 7 | L4: 8 | M4: 9 | N4: 10 | O4: 11
B5: No. | C5: Matrícula | D5: Nombre del Alumno
B6: 1 | C6: 1045 | D6: Abarca Sanchez Gabriel Alejandro | P6: =AVERAGE(E6:O6) -> #DIV/0!
B7: 2 | C7: 1060 | D7: Almanza Rocha Alessandra Samantha | P7: =AVERAGE(E7:O7) -> #DIV/0!
B8: 3 | C8: 1108 | D8: Chavez Cardenas Jaime Andres | P8: =AVERAGE(E8:O8) -> #DIV/0!
B9: 4 | C9: 876 | D9: Gomez Zamora Eduardo | P9: =AVERAGE(E9:O9) -> #DIV/0!
B10: 5 | C10: 639 | D10: Martinez Elizondo Iker Matias | P10: =AVERAGE(E10:O10) -> #DIV/0!
B11: 6 | C11: 1224 | D11: Matute Castillo Danna Alessandra | P11: =AVERAGE(E11:O11) -> #DIV/0!
B12: 7 | C12: 1069 | D12: Velazquez Salazar Valentina | P12: =AVERAGE(E12:O12) -> #DIV/0!
