Workbook

Sheet Calificaciones
B2: N4 PRIMARIA 4°A | E2: Ética, Naturaleza y Sociedades
D3: Concepto a Calificar | E3: Examen 1 | F3: Examen 2 | G3: Examen Trimestral | H3: Disciplina | I3: Tareas | J3: Registro Diario | K3: Proyecto | L3: Promedio | M3: Comentario de Apoyo Requerido
D4: Porcentaje | E4: 0.09 | F4: 0.09 | G4: 0.25 | H4: 0.07 | I4: 0.2 | J4: 0.2 | K4: 0.1
B5: No. | C5: Matrícula | D5: Nombre del Alumno
B6: 1 | C6: 941 | D6: Alvarez España Alberto Zaid | E6: 9 | F6: 9 | G6: 9.5 | H6: 8 | I6: =Tareas!T5 -> 0 | J6: 7.5 | K6: 10 | L6: =E6*0.09+F6*0.09+G8*0.25+H6*0.07+I6*0.2+J6*0.2+K6*0.1 -> 4.68
B7: 2 | C7: 1096 | D7: Hernandez madrigal Cesar daniel | E7: 7 | F7: 7 | G7: 9.5 | H7: 5 | I7: =Tareas!T6 -> 5 | J7: 6 | K7: 10 | L7: =E7*0.09+F7*0.09+G7*0.25+H7*0.07+I7*0.2+J7*0.2+K7*0.1 -> 7.185
B8: 3 | C8: 983 | D8: Lima Aguirre Marcos | E8: 10 | F8: 10 | G8: 0 | H8: 8 | I8: =Tareas!T7 -> 0 | J8: 6.5 | K8: 10 | L8: =E8*0.09+F8*0.09+G8*0.25+H8*0.07+I8*0.2+J8*0.2+K8*0.1 -> 4.66
B9: 4 | C9: 1275 | D9: Nicolas Garcias Said Samuel | E9: 6 | F9: 6 | G9: 8 | H9: 8 | I9: =Tareas!T8 -> 0 | J9: 7 | K9: 10 | L9: =E9*0.09+F9*0.09+G9*0.25+H9*0.07+I9*0.2+J9*0.2+K9*0.1 -> 6.04
B10: 5 | C10: 962 | D10: Rodriguez Garibay Valory | E10: 7 | F10: 7 | G10: 9 | H10: 7 | I10: =Tareas!T9 -> 0 | J10: 5 | K10: 10 | L10: =E10*0.09+F10*0.09+G10*0.25+H10*0.07+I10*0.2+J10*0.2+K10*0.1 -> 6
B11: 6 | C11: 894 | D11: Wiechselbaum Romano Alessia Danielle | E11: 7 | F11: 7 | G11: 10 | H11: 7 | I11: =Tareas!T10 -> 0.83333333 | J11: 6 | K11: 10 | L11: =E11*0.09+F11*0.09+G11*0.25+H11*0.07+I11*0.2+J11*0.2+K11*0.1 -> 6.6166667
B12: TOTAL | E12: =AVERAGE(E6:E11) -> 7.6666667 | F12: =AVERAGE(F6:F11) -> 7.6666667 | G12: =AVERAGE(G7:G11) -> 7.3 | H12: =AVERAGE(H6:H11) -> 7.1666667 | I12: =AVERAGE(I6:I11) -> 0.97222222 | J12: =AVERAGE(J6:J11) -> 6.3333333 | K12: =AVERAGE(K6:K11) -> 10 | L12: =AVERAGE(L6:L11) -> 5.8636111

Sheet Tareas
B2: N4 PRIMARIA 4°A | E2: Ética, Naturaleza y Sociedades
D3: Tarea | E3: 1 | F3: 2 | G3: 3 | H3: 4 | I3: 5 | J3: 6 | K3: 7 | L3: 8 | M3: 9 | N3: 10 | O3: 11 | P3: 12 | Q3: 13 | R3: 14 | S3: 15 | T3: Promedio
B4: No. | C4: Matrícula | D4: Nombre del Alumno | E4: 10 platillos (tuberculos, leguminosas y origen animal) | F4: ¿Que es la UNESCO? | G4: Apuntar hábitos alimenticios? | H4: Receta Vegana | I4: Objeto con materiales reciclados. | J4: Dibujo de mercado o tianguis | K4: Culturas que hayan llevado trueques. | L4: Enfermedades causadas por la comida chatarra | M4: Consumo de contenido mental | N4: Mapa de México con D.P. | O4: Mapa mundi | Q4: Qué son los alebrijes y dónde viven | R4: Frase sobre discriminación | S4: Maneras de demostrar respeto.
B5: 1 | C5: 941 | D5: Alvarez España Alberto Zaid | E5: 0 | F5: 0 | G5: 0 | H5: 0 | I5: 0 | J5: 0 | K5: 0 | L5: 0 | M5: 0 | N5: 0 | O5: 0 | P5: 0 | Q5: 0 | R5: 0 | S5: 0 | T5: =AVERAGE(E5:P5) -> 0
B6: 2 | C6: 1096 | D6: Hernandez madrigal Cesar daniel | E6: 0 | F6: 0 | G6: 0 | H6: 10 | I6: 0 | J6: 10 | K6: 10 | L6: 10 | M6: 10 | N6: 0 | O6: 10 | P6: 0 | Q6: 0 | R6: 0 | S6: 0 | T6: =AVERAGE(E6:P6) -> 5 | U6: Mapa mundi Alebrije
B7: 3 | C7: 983 | D7: Lima Aguirre Marcos | E7: 0 | F7: 0 | G7: 0 | H7: 0 | I7: 0 | J7: 0 | K7: 0 | L7: 0 | M7: 0 | N7: 0 | O7: 0 | P7: 0 | Q7: 0 | R7: 0 | S7: 0 | T7: =AVERAGE(E7:P7) -> 0
B8: 4 | C8: 1275 | D8: Nicolas Garcias Said Samuel | E8: 0 | F8: 0 | G8: 0 | H8: 0 | I8: 0 | J8: 0 | K8: 0 | L8: 0 | M8: 0 | N8: 0 | O8: 0 | P8: 0 | Q8: 0 | R8: 0 | S8: 0 | T8: =AVERAGE(E8:P8) -> 0
B9: 5 | C9: 962 | D9: Rodriguez Garibay Valory | E9: 0 | F9: 0 | G9: 0 | H9: 0 | I9: 0 | J9: 0 | K9: 0 | L9: 0 | M9: 0 | N9: 0 | O9: 0 | P9: 0 | Q9: 0 | R9: 0 | S9: 0 | T9: =AVERAGE(E9:P9) -> 0
B10: 6 | C10: 894 | D10: Wiechselbaum Romano Alessia Danielle | E10: 0 | F10: 0 | G10: 0 | H10: 0 | I10: 0 | J10: 10 | K10: 0 | L10: 0 | M10: 0 | N10: 0 | O10: 0 | P10: 0 | Q10: 0 | R10: 0 | S10: 0 | T10: =AVERAGE(E10:P10) -> 0.83333333

Sheet INCIDENCIAS 
A1: N8 SECUNDARIA 2°A | D1: Historia II
D2: Revisión del Libro Páginas que debe. | E2: Revisión del Cuaderno Lecciones no apuntadas.
A3: No. | B3: Matrícula | C3: Nombre del Alumno
A4: 1 | B4: 941 | C4: Alvarez España Alberto Zaid
A5: 2 | B5: 1096 | C5: Hernandez madrigal Cesar daniel
A6: 3 | B6: 983 | C6: Lima Aguirre Marcos
A7: 4 | B7: 1275 | C7: Nicolas Garcias Said Samuel
A8: 5 | B8: 962 | C8: Rodriguez Garibay Valory
A9: 6 | B9: 894 | C9: Wiechselbaum Romano Alessia Danielle
