Workbook

Sheet Calificaciones
B2: N6 PRIMARIA 6°A | E2: Ética, Naturaleza y Sociedades
D3: Concepto a Calificar | E3: Examen 1 | F3: Examen 2 | G3: Examen Trimestral | H3: Disciplina | I3: Tareas | J3: Registro Diario | K3: Proyecto | L3: Promedio | M3: Comentario de Apoyo Requerido
D4: Porcentaje | E4: 0.09 | F4: 0.09 | G4: 0.25 | H4: 0.07 | I4: 0.2 | J4: 0.2 | K4: 0.1
B5: No. | C5: Matrícula | D5: Nombre del Alumno
B6: 1 | C6: 1044 | D6: Almanza Rocha Valeria Paola | E6: 10 | F6: 6 | G6: 10 | H6: 8 | I6: =Tareas!S6 -> 9.2857143 | J6: =Cuaderno!X6*0.5+'Libro 1'!AC7*0.5 -> 10 | K6: 10 | L6: =E6*0.09+F6*0.09+G8*0.25+H6*0.07+I6*0.2+J6*0.2+K6*0.1 -> 6.8571429
B7: 2 | C7: 879 | D7: Camejo de la Torre Josue | E7: 10 | F7: 9 | G7: 0 | H7: 9 | I7: =Tareas!S7 -> 6.4285714 | J7: =Cuaderno!X7*0.5+'Libro 1'!AC8*0.5 -> 8.4210526 | K7: 10 | L7: =E7*0.09+F7*0.09+G7*0.25+H7*0.07+I7*0.2+J7*0.2+K7*0.1 -> 6.3099248
B8: 3 | C8: 1052 | D8: Chavez Escobedo Carlo | E8: 7 | F8: 8 | G8: 0 | H8: 7 | I8: =Tareas!S8 -> 5 | J8: =Cuaderno!X8*0.5+'Libro 1'!AC9*0.5 -> 9.4736842 | K8: 10 | L8: =E8*0.09+F8*0.09+G8*0.25+H8*0.07+I8*0.2+J8*0.2+K8*0.1 -> 5.7347368
B9: 4 | C9: 1114 | D9: Medina Hernandez Angela Karol | E9: 0 | F9: 7 | G9: 0 | H9: 10 | I9: =Tareas!S9 -> 5.7142857 | J9: =Cuaderno!X9*0.5+'Libro 1'!AC10*0.5 -> 8.6842105 | K9: 10 | L9: =E9*0.09+F9*0.09+G9*0.25+H9*0.07+I9*0.2+J9*0.2+K9*0.1 -> 5.2096992
B10: 5 | C10: 900 | D10: Morales Alvarez Julia | E10: 9 | F10: 9 | G10: 0 | H10: 9 | I10: =Tareas!S10 -> 7.8571429 | J10: =Cuaderno!X10*0.5+'Libro 1'!AC11*0.5 -> 9.2105263 | K10: 10 | L10: =E10*0.09+F10*0.09+G10*0.25+H10*0.07+I10*0.2+J10*0.2+K10*0.1 -> 6.6635338
B11: 6 | C11: 1058 | D11: Rodriguez Robles Mateo | E11: 8 | F11: 9 | G11: 0 | H11: 6 | I11: =Tareas!S11 -> 7.1428571 | J11: =Cuaderno!X11*0.5+'Libro 1'!AC12*0.5 -> 7.6315789 | K11: 10 | L11: =E11*0.09+F11*0.09+G11*0.25+H11*0.07+I11*0.2+J11*0.2+K11*0.1 -> 5.9048872
B12: 7 | C12: 1018 | D12: Sanchez Pedraza Ian Alexander | E12: 6 | F12: 8 | G12: 0 | H12: 8 | I12: =Tareas!S12 -> 6.4285714 | J12: =Cuaderno!X12*0.5+'Libro 1'!AC13*0.5 -> 8.9473684 | K12: 10 | L12: =E12*0.09+F12*0.09+G12*0.25+H12*0.07+I12*0.2+J12*0.2+K12*0.1 -> 5.895188
B13: 8 | C13: 714 | D13: Serrano Ponce Camila Denisse | E13: 10 | F13: 9 | G13: 0 | H13: 7 | I13: =Tareas!S13 -> 6.4285714 | J13: =Cuaderno!X13*0.5+'Libro 1'!AC14*0.5 -> 8.9473684 | K13: 10 | L13: =E13*0.09+F13*0.09+G13*0.25+H13*0.07+I13*0.2+J13*0.2+K13*0.1 -> 6.275188
B14: 9 | C14: 1010 | D14: Torres Avalos Oskar | E14: 8 | F14: 10 | G14: 0 | H14: 6 | I14: =Tareas!S14 -> 10 | J14: =Cuaderno!X14*0.5+'Libro 1'!AC15*0.5 -> 10 | K14: 10 | L14: =E14*0.09+F14*0.09+G14*0.25+H14*0.07+I14*0.2+J14*0.2+K14*0.1 -> 7.04
B15: 10 | C15: 1211 | D15: Venegas Delgadillo Jorge Alfonso | E15: 0 | F15: 0 | G15: 0 | H15: 9 | I15: =Tareas!S15 -> 7.8571429 | J15: =Cuaderno!X15*0.5+'Libro 1'!AC16*0.5 -> 9.4736842 | K15: 10 | L15: =E15*0.09+F15*0.09+G15*0.25+H15*0.07+I15*0.2+J15*0.2+K15*0.1 -> 5.0961654
B16: 11 | C16: 880 | D16: Zarate Medellin Regina Noemi | E16: 8 | F16: 9 | G16: 0 | H16: 10 | I16: =Tareas!S16 -> 8.5714286 | J16: =Cuaderno!X16*0.5+'Libro 1'!AC17*0.5 -> 9.4736842 | K16: 10 | L16: =E16*0.09+F16*0.09+G16*0.25+H16*0.07+I16*0.2+J16*0.2+K16*0.1 -> 6.8390226
B17: TOTAL | E17: =AVERAGE(E6:E16) -> 6.9090909 | F17: =AVERAGE(F6:F16) -> 7.6363636 | G17: =AVERAGE(G7:G15) -> 0 | H17: =AVERAGE(H6:H15) -> 7.9 | I17: =AVERAGE(I6:I15) -> 7.2142857 | J17: =AVERAGE(J6:J15) -> 9.0789474 | K17: =AVERAGE(K6:K15) -> 10 | L17: =AVERAGE(L6:L15) -> 6.0986466
B19: Proyecto | D19: EL proyecto fue la Conmemoración de la Revolución Mexicana

Sheet Tareas
B2: N6 PRIMARIA 6°A | E2: Ética, Naturaleza y Sociedades
E3: Objeto con materiales reciclados | F3: Conservar y cuidar el medio ambiente | G3: Ecosistemas que existen en México | H3: Collage de los patrimonios naturales de México | I3: Animales extintos | J3: Reflexión video National Geographic | K3: Cartulina, colores o plumones | L3: Principales fuentes de agua en México | M3: Empresas que más contaminan el agua en México | N3: Diferencia entre equidad e igualdad | O3: ¿Qué es la igualdad de género? | P3: ¿Qué es la empatía? | Q3: Desatres naturales y atrópicos | R3: Lección 27. Así funciona la democracia
D4: Tarea | E4: 1 | F4: 2 | G4: 3 | H4: 4 | I4: 5 | J4: 6 | K4: 8 | L4: 9 | M4: 10 | N4: 11 | O4: 12 | P4: 13 | Q4: 14 | R4: 15 | S4: Promedio
B5: No. | C5: Matrícula | D5: Nombre del Alumno
B6: 1 | C6: 1044 | D6: Almanza Rocha Valeria Paola | E6: 0 | F6: 10 | G6: 10 | H6: 10 | I6: 10 | J6: 10 | K6: 10 | L6: 10 | M6: 10 | N6: 10 | O6: 10 | P6: 10 | Q6: 10 | R6: 10 | S6: =AVERAGE(E6:R6) -> 9.2857143
B7: 2 | C7: 879 | D7: Camejo de la Torre Josue | E7: 0 | F7: 0 | G7: 10 | H7: 10 | I7: 10 | J7: 0 | K7: 10 | L7: 10 | M7: 0 | N7: 10 | O7: 0 | P7: 10 | Q7: 10 | R7: 10 | S7: =AVERAGE(E7:R7) -> 6.4285714
B8: 3 | C8: 1052 | D8: Chavez Escobedo Carlo | E8: 0 | F8: 0 | G8: 0 | H8: 10 | I8: 0 | J8: 0 | K8: 10 | L8: 10 | M8: 0 | N8: 0 | O8: 10 | P8: 10 | Q8: 10 | R8: 10 | S8: =AVERAGE(E8:R8) -> 5
B9: 4 | C9: 1114 | D9: Medina Hernandez Angela Karol | E9: 10 | F9: 0 | G9: 0 | H9: 10 | I9: 0 | J9: 0 | K9: 10 | L9: 10 | M9: 10 | N9: 0 | O9: 0 | P9: 10 | Q9: 10 | R9: 10 | S9: =AVERAGE(E9:R9) -> 5.7142857
B10: 5 | C10: 900 | D10: Morales Alvarez Julia | E10: 10 | F10: 0 | G10: 0 | H10: 10 | I10: 10 | J10: 10 | K10: 10 | L10: 10 | M10: 10 | N10: 0 | O10: 10 | P10: 10 | Q10: 10 | R10: 10 | S10: =AVERAGE(E10:R10) -> 7.8571429
B11: 6 | C11: 1058 | D11: Rodriguez Robles Mateo | E11: 0 | F11: 0 | G11: 0 | H11: 10 | I11: 10 | J11: 10 | K11: 10 | L11: 10 | M11: 0 | N11: 10 | O11: 10 | P11: 10 | Q11: 10 | R11: 10 | S11: =AVERAGE(E11:R11) -> 7.1428571
B12: 7 | C12: 1018 | D12: Sanchez Pedraza Ian Alexander | E12: 0 | F12: 0 | G12: 0 | H12: 10 | I12: 10 | J12: 0 | K12: 10 | L12: 10 | M12: 0 | N12: 10 | O12: 10 | P12: 10 | Q12: 10 | R12: 10 | S12: =AVERAGE(E12:R12) -> 6.4285714
B13: 8 | C13: 714 | D13: Serrano Ponce Camila Denisse | E13: 0 | F13: 0 | G13: 0 | H13: 10 | I13: 10 | J13: 0 | K13: 10 | L13: 10 | M13: 10 | N13: 0 | O13: 10 | P13: 10 | Q13: 10 | R13: 10 | S13: =AVERAGE(E13:R13) -> 6.4285714
B14: 9 | C14: 1010 | D14: Torres Avalos Oskar | E14: 10 | F14: 10 | G14: 10 | H14: 10 | I14: 10 | J14: 10 | K14: 10 | L14: 10 | M14: 10 | N14: 10 | O14: 10 | P14: 10 | Q14: 10 | R14: 10 | S14: =AVERAGE(E14:R14) -> 10
B15: 10 | C15: 1211 | D15: Venegas Delgadillo Jorge Alfonso | E15: 0 | F15: 0 | G15: 0 | H15: 10 | I15: 10 | J15: 10 | K15: 10 | L15: 10 | M15: 10 | N15: 10 | O15: 10 | P15: 10 | Q15: 10 | R15: 10 | S15: =AVERAGE(E15:R15) -> 7.8571429
B16: 11 | C16: 880 | D16: Zarate Medellin Regina Noemi | E16: 0 | F16: 0 | G16: 10 | H16: 10 | I16: 10 | J16: 10 | K16: 10 | L16: 10 | M16: 10 | N16: 10 | O16: 10 | P16: 10 | Q16: 10 | R16: 10 | S16: =AVERAGE(E16:R16) -> 8.5714286

Sheet Cuaderno
B2: N6 PRIMARIA 6°A | E2: Ética, Naturaleza y Sociedades
D3: Cuaderno | E3: Examen diagnóstico | F3: Los seres vivos y su importancia | G3: Sobre la ética | H3: Reciclaje | I3: Especies endémicas | J3: Extinción | K3: Extinción masiva | L3: Poster medio ambiente | M3: Resolución de conflictos | N3: Equidad para todods | O3: Problemas en la biodiversidad | P3: Los conflictos | Q3: Los conflictos 2 | R3: Resolvemos conflictos para vivir en armonía | S3: Prevención de desastres pt.1 | T3: Prevención de desastres pt. 2 | U3: Historia de la democracia | V3: Conmemoración de la Revolución Mexicana | W3: Valoro la Democracia y su historia
D4: Actividad | E4: 1 | F4: 2 | G4: 3 | H4: 4 | I4: 5 | J4: 6 | K4: 7 | L4: 8 | M4: 9 | N4: 10 | O4: 11 | P4: 12 | Q4: 13 | R4: 14 | S4: 15 | T4: 16 | U4: 17 | V4: 18 | W4: 19 | X4: Promedio
B5: No. | C5: Matrícula | D5: Nombre del Alumno
B6: 1 | C6: 1044 | D6: Almanza Rocha Valeria Paola | E6: 10 | F6: 10 | G6: 10 | H6: 10 | I6: 10 | J6: 10 | K6: 10 | L6: 10 | M6: 10 | N6: 10 | O6: 10 | P6: 10 | Q6: 10 | R6: 10 | S6: 10 | T6: 10 | U6: 10 | V6: 10 | W6: 10 | X6: =AVERAGE(E6:W6) -> 10 | Y6: 10
B7: 2 | C7: 879 | D7: Camejo de la Torre Josue | E7: 10 | F7: 10 | G7: 0 | H7: 10 | I7: 0 | J7: 0 | K7: 0 | L7: 10 | M7: 0 | N7: 10 | O7: 10 | P7: 10 | Q7: 0 | R7: 10 | S7: 10 | T7: 10 | U7: 10 | V7: 10 | W7: 10 | X7: =AVERAGE(E7:W7) -> 6.8421053 | Y7: 8.4
B8: 3 | C8: 1052 | D8: Chavez Escobedo Carlo | E8: 10 | F8: 10 | G8: 10 | H8: 10 | I8: 10 | J8: 10 | K8: 10 | L8: 10 | M8: 10 | N8: 0 | O8: 10 | P8: 10 | Q8: 10 | R8: 10 | S8: 10 | T8: 0 | U8: 10 | V8: 10 | W8: 10 | X8: =AVERAGE(E8:W8) -> 8.9473684 | Y8: 9.4
B9: 4 | C9: 1114 | D9: Medina Hernandez Angela Karol | E9: 0 | F9: 10 | G9: 10 | H9: 0 | I9: 10 | J9: 10 | K9: 10 | L9: 10 | M9: 10 | N9: 10 | O9: 0 | P9: 10 | Q9: 0 | R9: 10 | S9: 10 | T9: 0 | U9: 10 | V9: 10 | W9: 10 | X9: =AVERAGE(E9:W9) -> 7.3684211 | Y9: 8.7
B10: 5 | C10: 900 | D10: Morales Alvarez Julia | E10: 10 | F10: 10 | G10: 10 | H10: 10 | I10: 10 | J10: 0 | K10: 0 | L10: 10 | M10: 10 | N10: 10 | O10: 10 | P10: 10 | Q10: 10 | R10: 10 | S10: 10 | T10: 0 | U10: 10 | V10: 10 | W10: 10 | X10: =AVERAGE(E10:W10) -> 8.4210526 | Y10: 9.4
B11: 6 | C11: 1058 | D11: Rodriguez Robles Mateo | E11: 10 | F11: 10 | G11: 0 | H11: 10 | I11: 0 | J11: 10 | K11: 10 | L11: 10 | M11: 10 | N11: 0 | O11: 10 | P11: 0 | Q11: 0 | R11: 0 | S11: 0 | T11: 0 | U11: 0 | V11: 10 | W11: 10 | X11: =AVERAGE(E11:W11) -> 5.2631579 | Y11: 7.6
B12: 7 | C12: 1018 | D12: Sanchez Pedraza Ian Alexander | E12: 10 | F12: 10 | G12: 10 | H12: 10 | I12: 0 | J12: 0 | K12: 0 | L12: 10 | M12: 10 | N12: 10 | O12: 10 | P12: 10 | Q12: 10 | R12: 10 | S12: 0 | T12: 10 | U12: 10 | V12: 10 | W12: 10 | X12: =AVERAGE(E12:W12) -> 7.8947368 | Y12: 8.9
B13: 8 | C13: 714 | D13: Serrano Ponce Camila Denisse | E13: 10 | F13: 10 | G13: 10 | H13: 10 | I13: 10 | J13: 10 | K13: 10 | L13: 10 | M13: 10 | N13: 10 | O13: 10 | P13: 10 | Q13: 0 | R13: 0 | S13: 0 | T13: 0 | U13: 10 | V13: 10 | W13: 10 | X13: =AVERAGE(E13:W13) -> 7.8947368 | Y13: 8.9
B14: 9 | C14: 1010 | D14: Torres Avalos Oskar | E14: 10 | F14: 10 | G14: 10 | H14: 10 | I14: 10 | J14: 10 | K14: 10 | L14: 10 | M14: 10 | N14: 10 | O14: 10 | P14: 10 | Q14: 10 | R14: 10 | S14: 10 | T14: 10 | U14: 10 | V14: 10 | W14: 10 | X14: =AVERAGE(E14:W14) -> 10 | Y14: 10
B15: 10 | C15: 1211 | D15: Venegas Delgadillo Jorge Alfonso | E15: 10 | F15: 0 | G15: 0 | H15: 10 | I15: 10 | J15: 10 | K15: 10 | L15: 10 | M15: 10 | N15: 10 | O15: 10 | P15: 10 | Q15: 10 | R15: 10 | S15: 10 | T15: 10 | U15: 10 | V15: 10 | W15: 10 | X15: =AVERAGE(E15:W15) -> 8.9473684 | Y15: 9.4
B16: 11 | C16: 880 | D16: Zarate Medellin Regina Noemi | E16: 10 | F16: 10 | G16: 10 | H16: 10 | I16: 10 | J16: 10 | K16: 0 | L16: 10 | M16: 0 | N16: 10 | O16: 10 | P16: 10 | Q16: 10 | R16: 10 | S16: 10 | T16: 10 | U16: 10 | V16: 10 | W16: 10 | X16: =AVERAGE(E16:W16) -> 8.9473684 | Y16: 9.4

Sheet Libro 1
B2: N6 PRIMARIA 6°A | E2: Ética, Naturaleza y Sociedades
D3: Cuaderno | E3: Protegiendo la biodiversidad: un deber de todos | I3: Entre todos cuidamos el agua | M3: La conservación de la diversidad es responsabilidad de todos | Q3: Resolvemos conflictos para vivir en armonía | U3: Prevención de Desastres | Y3: Valoro la democracia y su historia
E4: C1 | I4: C1 | M4: C2 | Q4: C2 | U4: C3 | Y4: C3
D5: Páginas | E5: 56 | F5: 57 | G5: 58 | H5: 59 | I5: 60 | J5: 61 | K5: 62 | L5: 63 | M5: 24 | N5: 25 | O5: 26 | P5: 27 | Q5: 28 | R5: 29 | S5: 30 | T5: 31 | U5: 24 | V5: 25 | W5: 26 | X5: 27 | Y5: 28 | Z5: 29 | AA5: 30 | AB5: 31 | AC5: Promedio
B6: No. | C6: Matrícula | D6: Nombre del Alumno
B7: 1 | C7: 1044 | D7: Almanza Rocha Valeria Paola | E7: 10 | F7: 10 | G7: 10 | H7: 10 | I7: 10 | J7: 10 | K7: 10 | L7: 10 | M7: 10 | N7: 10 | O7: 10 | P7: 10 | Q7: 10 | R7: 10 | S7: 10 | T7: 10 | U7: 10 | V7: 10 | W7: 10 | X7: 10 | Y7: 10 | Z7: 10 | AA7: 10 | AB7: 10 | AC7: =AVERAGE(E7:AB7) -> 10
B8: 2 | C8: 879 | D8: Camejo de la Torre Josue | E8: 10 | F8: 10 | G8: 10 | H8: 10 | I8: 10 | J8: 10 | K8: 10 | L8: 10 | M8: 10 | N8: 10 | O8: 10 | P8: 10 | Q8: 10 | R8: 10 | S8: 10 | T8: 10 | U8: 10 | V8: 10 | W8: 10 | X8: 10 | Y8: 10 | Z8: 10 | AA8: 10 | AB8: 10 | AC8: =AVERAGE(E8:AB8) -> 10
B9: 3 | C9: 1052 | D9: Chavez Escobedo Carlo | E9: 10 | F9: 10 | G9: 10 | H9: 10 | I9: 10 | J9: 10 | K9: 10 | L9: 10 | M9: 10 | N9: 10 | O9: 10 | P9: 10 | Q9: 10 | R9: 10 | S9: 10 | T9: 10 | U9: 10 | V9: 10 | W9: 10 | X9: 10 | Y9: 10 | Z9: 10 | AA9: 10 | AB9: 10 | AC9: =AVERAGE(E9:AB9) -> 10
B10: 4 | C10: 1114 | D10: Medina Hernandez Angela Karol | E10: 10 | F10: 10 | G10: 10 | H10: 10 | I10: 10 | J10: 10 | K10: 10 | L10: 10 | M10: 10 | N10: 10 | O10: 10 | P10: 10 | Q10: 10 | R10: 10 | S10: 10 | T10: 10 | U10: 10 | V10: 10 | W10: 10 | X10: 10 | Y10: 10 | Z10: 10 | AA10: 10 | AB10: 10 | AC10: =AVERAGE(E10:AB10) -> 10
B11: 5 | C11: 900 | D11: Morales Alvarez Julia | E11: 10 | F11: 10 | G11: 10 | H11: 10 | I11: 10 | J11: 10 | K11: 10 | L11: 10 | M11: 10 | N11: 10 | O11: 10 | P11: 10 | Q11: 10 | R11: 10 | S11: 10 | T11: 10 | U11: 10 | V11: 10 | W11: 10 | X11: 10 | Y11: 10 | Z11: 10 | AA11: 10 | AB11: 10 | AC11: =AVERAGE(E11:AB11) -> 10
B12: 6 | C12: 1058 | D12: Rodriguez Robles Mateo | E12: 10 | F12: 10 | G12: 10 | H12: 10 | I12: 10 | J12: 10 | K12: 10 | L12: 10 | M12: 10 | N12: 10 | O12: 10 | P12: 10 | Q12: 10 | R12: 10 | S12: 10 | T12: 10 | U12: 10 | V12: 10 | W12: 10 | X12: 10 | Y12: 10 | Z12: 10 | AA12: 10 | AB12: 10 | AC12: =AVERAGE(E12:AB12) -> 10
B13: 7 | C13: 1018 | D13: Sanchez Pedraza Ian Alexander | E13: 10 | F13: 10 | G13: 10 | H13: 10 | I13: 10 | J13: 10 | K13: 10 | L13: 10 | M13: 10 | N13: 10 | O13: 10 | P13: 10 | Q13: 10 | R13: 10 | S13: 10 | T13: 10 | U13: 10 | V13: 10 | W13: 10 | X13: 10 | Y13: 10 | Z13: 10 | AA13: 10 | AB13: 10 | AC13: =AVERAGE(E13:AB13) -> 10
B14: 8 | C14: 714 | D14: Serrano Ponce Camila Denisse | E14: 10 | F14: 10 | G14: 10 | H14: 10 | I14: 10 | J14: 10 | K14: 10 | L14: 10 | M14: 10 | N14: 10 | O14: 10 | P14: 10 | Q14: 10 | R14: 10 | S14: 10 | T14: 10 | U14: 10 | V14: 10 | W14: 10 | X14: 10 | Y14: 10 | Z14: 10 | AA14: 10 | AB14: 10 | AC14: =AVERAGE(E14:AB14) -> 10
B15: 9 | C15: 1010 | D15: Torres Avalos Oskar | E15: 10 | F15: 10 | G15: 10 | H15: 10 | I15: 10 | J15: 10 | K15: 10 | L15: 10 | M15: 10 | N15: 10 | O15: 10 | P15: 10 | Q15: 10 | R15: 10 | S15: 10 | T15: 10 | U15: 10 | V15: 10 | W15: 10 | X15: 10 | Y15: 10 | Z15: 10 | AA15: 10 | AB15: 10 | AC15: =AVERAGE(E15:AB15) -> 10
B16: 10 | C16: 1211 | D16: Venegas Delgadillo Jorge Alfonso | E16: 10 | F16: 10 | G16: 10 | H16: 10 | I16: 10 | J16: 10 | K16: 10 | L16: 10 | M16: 10 | N16: 10 | O16: 10 | P16: 10 | Q16: 10 | R16: 10 | S16: 10 | T16: 10 | U16: 10 | V16: 10 | W16: 10 | X16: 10 | Y16: 10 | Z16: 10 | AA16: 10 | AB16: 10 | AC16: =AVERAGE(E16:AB16) -> 10
B17: 11 | C17: 880 | D17: Zarate Medellin Regina Noemi | E17: 10 | F17: 10 | G17: 10 | H17: 10 | I17: 10 | J17: 10 | K17: 10 | L17: 10 | M17: 10 | N17: 10 | O17: 10 | P17: 10 | Q17: 10 | R17: 10 | S17: 10 | T17: 10 | U17: 10 | V17: 10 | W17: 10 | X17: 10 | Y17: 10 | Z17: 10 | AA17: 10 | AB17: 10 | AC17: =AVERAGE(E17:AB17) -> 10
