Workbook

Sheet Calificaciones
B2: N7 SECUNDARIA 1°A | E2: Geografía
D3: Concepto a Calificar | E3: Examen 1 | F3: Examen 2 | G3: Examen Trimestral | H3: Disciplina | I3: Tareas | J3: Registro Diario | K3: Proyecto | L3: Promedio | M3: Comentario de Apoyo Requerido
D4: Porcentaje | E4: 0.09 | F4: 0.09 | G4: 0.25 | H4: 0.07 | I4: 0.2 | J4: 0.2 | K4: 0.1
B5: No. | C5: Matrícula | D5: Nombre del Alumno
B6: 1 | C6: 1261 | D6: Barbosa Leon Damian Alejandro | E6: 5 | F6: 9.3 | G6: 0 | H6: 6 | I6: ='OTRA '!AB5 -> 0 | J6: 0 | K6: 0 | L6: =E6*0.09+F6*0.09+G8*0.25+H6*0.07+I6*0.2+J6*0.2+K6*0.1 -> 1.707
B7: 2 | C7: 1249 | D7: Barragan Canela Leonela Nicole | E7: 5 | F7: 9.3 | G7: 0 | H7: 7 | I7: ='OTRA '!AB6 -> 0 | J7: 0 | K7: 0 | L7: =E7*0.09+F7*0.09+G7*0.25+H7*0.07+I7*0.2+J7*0.2+K7*0.1 -> 1.777
B8: 3 | C8: 1130 | D8: Barrera Ortega Ximena Paola | E8: 8 | F8: 9.3 | G8: 0 | H8: 10 | I8: ='OTRA '!AB7 -> 0 | J8: 0 | K8: 0 | L8: =E8*0.09+F8*0.09+G8*0.25+H8*0.07+I8*0.2+J8*0.2+K8*0.1 -> 2.257
B9: 4 | C9: 605 | D9: Bernal Serrano Jessica Liliana | E9: 6 | F9: 10 | G9: 0 | H9: 9 | I9: ='OTRA '!AB8 -> 0 | J9: 0 | K9: 0 | L9: =E9*0.09+F9*0.09+G9*0.25+H9*0.07+I9*0.2+J9*0.2+K9*0.1 -> 2.07
B10: 5 | C10: 612 | D10: Castillo Lopez Carlos Gael | E10: 7 | F10: 8.7 | G10: 0 | H10: 8 | I10: ='OTRA '!AB9 -> 0 | J10: 0 | K10: 0 | L10: =E10*0.09+F10*0.09+G10*0.25+H10*0.07+I10*0.2+J10*0.2+K10*0.1 -> 1.973
B11: 6 | C11: 1159 | D11: Cárdenas Calá Antonella | E11: 10 | F11: 9.3 | G11: 0 | H11: 10 | I11: ='OTRA '!AB10 -> 0 | J11: 0 | K11: 0 | L11: =E11*0.09+F11*0.09+G11*0.25+H11*0.07+I11*0.2+J11*0.2+K11*0.1 -> 2.437
B12: 7 | C12: 1233 | D12: Cruz Gama Mateo Emiliano | E12: 8 | F12: 8.7 | G12: 0 | H12: 7 | I12: ='OTRA '!AB11 -> 0 | J12: 0 | K12: 0 | L12: =E12*0.09+F12*0.09+G12*0.25+H12*0.07+I12*0.2+J12*0.2+K12*0.1 -> 1.993
B13: 8 | C13: 1168 | D13: Cueva Rangel Oswaldo Eleazar | E13: 3 | F13: 9.3 | G13: 0 | H13: 6 | I13: ='OTRA '!AB12 -> 0 | J13: 0 | K13: 0 | L13: =E13*0.09+F13*0.09+G13*0.25+H13*0.07+I13*0.2+J13*0.2+K13*0.1 -> 1.527
B14: 9 | C14: 1150 | D14: Dávalos Sánchez Francisco Tadeo | E14: 5 | F14: 8 | G14: 0 | H14: 6 | I14: ='OTRA '!AB13 -> 0 | J14: 0 | K14: 0 | L14: =E14*0.09+F14*0.09+G14*0.25+H14*0.07+I14*0.2+J14*0.2+K14*0.1 -> 1.59
B15: 10 | C15: 1184 | D15: Díaz Elizalde Sofía | E15: 9 | F15: 9.3 | G15: 0 | H15: 8 | I15: ='OTRA '!AB14 -> 0 | J15: 0 | K15: 0 | L15: =E15*0.09+F15*0.09+G15*0.25+H15*0.07+I15*0.2+J15*0.2+K15*0.1 -> 2.207
B16: 11 | C16: 1270 | D16: Espinoza Gonzalez Leonardo Daniel | E16: 5 | F16: 8 | G16: 0 | H16: 6 | I16: ='OTRA '!AB15 -> 0 | J16: 0 | K16: 0 | L16: =E16*0.09+F16*0.09+G16*0.25+H16*0.07+I16*0.2+J16*0.2+K16*0.1 -> 1.59
B17: 12 | C17: 1199 | D17: Fuentes Fernandez Maximo Dario | E17: 8 | F17: 9.3 | G17: 0 | H17: 8 | I17: ='OTRA '!AB16 -> 0 | J17: 0 | K17: 0 | L17: =E17*0.09+F17*0.09+G17*0.25+H17*0.07+I17*0.2+J17*0.2+K17*0.1 -> 2.117
B18: 13 | C18: PPRIM242550 | D18: Gonzalez Parra Amanda Rhomina | E18: 7 | F18: 9.3 | G18: 0 | H18: 6 | I18: ='OTRA '!AB17 -> 0 | J18: 0 | K18: 0 | L18: =E18*0.09+F18*0.09+G18*0.25+H18*0.07+I18*0.2+J18*0.2+K18*0.1 -> 1.887
B19: 14 | C19: 1246 | D19: Gonzalez Soto Adiel Emiliano | E19: 6 | F19: 8 | G19: 0 | H19: 6 | I19: ='OTRA '!AB18 -> 0 | J19: 0 | K19: 0 | L19: =E19*0.09+F19*0.09+G19*0.25+H19*0.07+I19*0.2+J19*0.2+K19*0.1 -> 1.68
B20: 15 | C20: 1156 | D20: González de la Cerda Isaías Daniel | E20: 6 | F20: 6 | G20: 0 | H20: 6 | I20: ='OTRA '!AB19 -> 0 | J20: 0 | K20: 0 | L20: =E20*0.09+F20*0.09+G20*0.25+H20*0.07+I20*0.2+J20*0.2+K20*0.1 -> 1.5
B21: 16 | C21: 1187 | D21: Hernández Félix Neizan Jesús | E21: 8 | F21: 0 | G21: 0 | H21: 7 | I21: ='OTRA '!AB20 -> 0 | J21: 0 | K21: 0 | L21: =E21*0.09+F21*0.09+G21*0.25+H21*0.07+I21*0.2+J21*0.2+K21*0.1 -> 1.21
B22: 17 | C22: 1202 | D22: Hernández López Santiago Matías | E22: 9 | F22: 9.3 | G22: 0 | H22: 0 | I22: ='OTRA '!AB21 -> 0 | J22: 0 | K22: 0 | L22: =E22*0.09+F22*0.09+G22*0.25+H22*0.07+I22*0.2+J22*0.2+K22*0.1 -> 1.647
B23: 18 | C23: 1147 | D23: Irineo Navarro Sofia Esmeralda | E23: 9 | F23: 7.3 | G23: 0 | H23: 8 | I23: ='OTRA '!AB22 -> 0 | J23: 0 | K23: 0 | L23: =E23*0.09+F23*0.09+G23*0.25+H23*0.07+I23*0.2+J23*0.2+K23*0.1 -> 2.027
B24: 19 | C24: 1193 | D24: Ivañez Duran Tadeo Salvador | E24: 8 | F24: 10 | G24: 0 | H24: 9 | I24: ='OTRA '!AB23 -> 0 | J24: 0 | K24: 0 | L24: =E24*0.09+F24*0.09+G24*0.25+H24*0.07+I24*0.2+J24*0.2+K24*0.1 -> 2.25
B25: 20 | C25: 1209 | D25: Jaime Cambero Ian Carlo | E25: 7 | F25: 8.7 | G25: 0 | H25: 7 | I25: ='OTRA '!AB24 -> 0 | J25: 0 | K25: 0 | L25: =E25*0.09+F25*0.09+G25*0.25+H25*0.07+I25*0.2+J25*0.2+K25*0.1 -> 1.903
B26: 21 | C26: 1153 | D26: Jimenez Moreno Fátima Johana Yazmin | E26: 10 | F26: 9.3 | G26: 0 | H26: 9 | I26: ='OTRA '!AB25 -> 0 | J26: 0 | K26: 0 | L26: =E26*0.09+F26*0.09+G26*0.25+H26*0.07+I26*0.2+J26*0.2+K26*0.1 -> 2.367
B27: 22 | C27: 1068 | D27: Lúa Alexander Yelena Itzayana | E27: 6 | F27: 0 | G27: 0 | H27: 10 | I27: ='OTRA '!AB26 -> 0 | J27: 0 | K27: 0 | L27: =E27*0.09+F27*0.09+G27*0.25+H27*0.07+I27*0.2+J27*0.2+K27*0.1 -> 1.24
B28: 23 | C28: 1244 | D28: Martínez Rodríguez Dayana | E28: 5 | F28: 7.3 | G28: 0 | H28: 9 | I28: ='OTRA '!AB27 -> 0 | J28: 0 | K28: 0 | L28: =E28*0.09+F28*0.09+G28*0.25+H28*0.07+I28*0.2+J28*0.2+K28*0.1 -> 1.737
B29: 24 | C29: 719 | D29: Mendoza Gaspar Julian | E29: 3 | F29: 6.7 | G29: 0 | H29: 6 | I29: ='OTRA '!AB28 -> 0 | J29: 0 | K29: 0 | L29: =E29*0.09+F29*0.09+G29*0.25+H29*0.07+I29*0.2+J29*0.2+K29*0.1 -> 1.293
B30: 25 | C30: 1259 | D30: Paramo Castro Mateo | E30: 5 | F30: 8 | G30: 0 | H30: 6 | I30: ='OTRA '!AB29 -> 0 | J30: 0 | K30: 0 | L30: =E30*0.09+F30*0.09+G30*0.25+H30*0.07+I30*0.2+J30*0.2+K30*0.1 -> 1.59
... B36: 31 | C36: 1254 | D36: Vera Gomez Santiago Karim | E36: 6 | F36: 8.7 | G36: 0 | H36: 6 | I36: ='OTRA '!AB35 -> 0 | J36: 0 | K36: 0 | L36: =E36*0.09+F36*0.09+G36*0.25+H36*0.07+I36*0.2+J36*0.2+K36*0.1 -> 1.743
B37: TOTAL | E37: =AVERAGE(E6:E36) -> 6.6451613 | F37: =AVERAGE(F6:F36) -> 7.8612903 | G37: =AVERAGE(G6:G36) -> 0 | H37: =AVERAGE(H6:H36) -> 7.516129 | I37: =AVERAGE(I6:I36) -> 0 | J37: =AVERAGE(J6:J36) -> 0 | K37: =AVERAGE(K6:K36) -> 0 | L37: =AVERAGE(L6:L36) -> 1.8317097

Sheet TAREAS  
A1: N7 SECUNDARIA 1°A | D1: Geografía
C2: Tarea | D2: Grupo indígena/ Tribú urbana | E2: Imagen desastre natural | F2: ¿Que harías sino contaras con tecnología? | G2: ¿Qué entiendes por región biocultural? | H2: Descripción de su entorno geográfico | I2: Diferencia entre terremoto y maremoto | J2: Dibujar señaleticas de precaución | K2: Traer plumones y otrops materiales | L2: Cuadro comparativo entre plano y mapa | M2: Relieve. Lugar al que pertenece y composición geográfica. | N2: Principales fuentes de agua de México, lagos y Ríos. | O2: Proceso de nixtamalización . | P2: Elaboración de anuncio publicitario pág. 21 | Q2: Temario.
D3: 1 | E3: 2 | F3: 3 | G3: 4 | H3: 5 | I3: 6 | J3: 7 | K3: 8 | L3: 9 | M3: 10 | N3: 11 | O3: 12 | P3: 13 | Q3: 14 | R3: Promedio
A4: No. | B4: Matrícula | C4: Nombre del Alumno
A5: 1 | B5: 1261 | C5: BARBOSA LEON DAMIAN ALEJANDRO | D5: 0 | E5: 0 | F5: 0 | G5: 0 | H5: 0 | I5: 0 | J5: 0 | K5: 0 | L5: 0 | M5: 0 | N5: 0 | O5: 0 | P5: 0 | Q5: 0 | R5: =AVERAGE(D5:Q5) -> 0
A6: 2 | B6: 1249 | C6: BARRAGAN CANELA LEONELA NICOLE | D6: 0 | E6: 0 | F6: 0 | G6: 0 | H6: 0 | I6: 0 | J6: 0 | K6: 0 | L6: 0 | M6: 0 | N6: 0 | O6: 0 | P6: 0 | Q6: 0 | R6: =AVERAGE(D6:Q6) -> 0
A7: 3 | B7: 1130 | C7: BARRERA ORTEGA XIMENA PAOLA | D7: 0 | E7: 0 | F7: 0 | G7: 0 | H7: 0 | I7: 0 | J7: 0 | K7: 0 | L7: 0 | M7: 0 | N7: 0 | O7: 0 | P7: 0 | Q7: 0 | R7: =AVERAGE(D7:Q7) -> 0
A8: 4 | B8: 605 | C8: BERNAL SERRANO JESSICA LILIANA | D8: 0 | E8: 0 | F8: 0 | G8: 0 | H8: 0 | I8: 0 | J8: 0 | K8: 0 | L8: 0 | M8: 0 | N8: 0 | O8: 0 | P8: 0 | Q8: 0 | R8: =AVERAGE(D8:Q8) -> 0
A9: 5 | B9: 612 | C9: CASTILLO LOPEZ CARLOS GAEL | D9: 0 | E9: 0 | F9: 0 | G9: 0 | H9: 0 | I9: 0 | J9: 0 | K9: 0 | L9: 0 | M9: 0 | N9: 0 | O9: 0 | P9: 0 | Q9: 0 | R9: =AVERAGE(D9:Q9) -> 0
A10: 6 | B10: 1159 | C10: CÁRDENAS CALÁ ANTONELLA | D10: 0 | E10: 0 | F10: 0 | G10: 0 | H10: 0 | I10: 0 | J10: 0 | K10: 0 | L10: 0 | M10: 0 | N10: 0 | O10: 0 | P10: 0 | Q10: 0 | R10: =AVERAGE(D10:Q10) -> 0
A11: 7 | B11: 1233 | C11: CRUZ GAMA MATEO EMILIANO | D11: 0 | E11: 0 | F11: 0 | G11: 0 | H11: 0 | I11: 0 | J11: 0 | K11: 0 | L11: 0 | M11: 0 | N11: 0 | O11: 0 | P11: 0 | Q11: 0 | R11: =AVERAGE(D11:Q11) -> 0
A12: 8 | B12: 1168 | C12: CUEVA RANGEL OSWALDO ELEAZAR | D12: 0 | E12: 0 | F12: 0 | G12: 0 | H12: 0 | I12: 0 | J12: 0 | K12: 0 | L12: 0 | M12: 0 | N12: 0 | O12: 0 | P12: 0 | Q12: 0 | R12: =AVERAGE(D12:Q12) -> 0
A13: 9 | B13: 1150 | C13: DÁVALOS SÁNCHEZ FRANCISCO TADEO | D13: 0 | E13: 0 | F13: 0 | G13: 0 | H13: 0 | I13: 0 | J13: 0 | K13: 0 | L13: 0 | M13: 0 | N13: 0 | O13: 0 | P13: 0 | Q13: 0 | R13: =AVERAGE(D13:Q13) -> 0
A14: 10 | B14: 1184 | C14: DÍAZ ELIZALDE SOFÍA | D14: 0 | E14: 0 | F14: 0 | G14: 0 | H14: 0 | I14: 0 | J14: 0 | K14: 0 | L14: 0 | M14: 0 | N14: 0 | O14: 0 | P14: 0 | Q14: 0 | R14: =AVERAGE(D14:Q14) -> 0
A15: 11 | B15: 1270 | C15: ESPINOZA GONZALEZ LEONARDO DANIEL | D15: 0 | E15: 0 | F15: 0 | G15: 0 | H15: 0 | I15: 0 | J15: 0 | K15: 0 | L15: 0 | M15: 0 | N15: 0 | O15: 0 | P15: 0 | Q15: 0 | R15: =AVERAGE(D15:Q15) -> 0
A16: 12 | B16: 1199 | C16: FUENTES FERNANDEZ MAXIMO DARIO | D16: 0 | E16: 0 | F16: 0 | G16: 0 | H16: 0 | I16: 0 | J16: 0 | K16: 0 | L16: 0 | M16: 0 | N16: 0 | O16: 0 | P16: 0 | Q16: 0 | R16: =AVERAGE(D16:Q16) -> 0
A17: 13 | B17: PPRIM242550 | C17: GONZALEZ PARRA AMANDA RHOMINA | D17: 0 | E17: 0 | F17: 0 | G17: 0 | H17: 0 | I17: 0 | J17: 0 | K17: 0 | L17: 0 | M17: 0 | N17: 0 | O17: 0 | P17: 0 | Q17: 0 | R17: =AVERAGE(D17:Q17) -> 0
A18: 14 | B18: 1246 | C18: GONZALEZ SOTO ADIEL EMILIANO | D18: 0 | E18: 0 | F18: 0 | G18: 0 | H18: 0 | I18: 0 | J18: 0 | K18: 0 | L18: 0 | M18: 0 | N18: 0 | O18: 0 | P18: 0 | Q18: 0 | R18: =AVERAGE(D18:Q18) -> 0
A19: 15 | B19: 1156 | C19: GONZÁLEZ DE LA CERDA ISAÍAS DANIEL | D19: 0 | E19: 0 | F19: 0 | G19: 0 | H19: 0 | I19: 0 | J19: 0 | K19: 0 | L19: 0 | M19: 0 | N19: 0 | O19: 0 | P19: 0 | Q19: 0 | R19: =AVERAGE(D19:Q19) -> 0
A20: 16 | B20: 1187 | C20: HERNÁNDEZ FÉLIX NEIZAN JESÚS | D20: 0 | E20: 0 | F20: 0 | G20: 0 | H20: 0 | I20: 0 | J20: 0 | K20: 0 | L20: 0 | M20: 0 | N20: 0 | O20: 0 | P20: 0 | Q20: 0 | R20: =AVERAGE(D20:Q20) -> 0
A21: 17 | B21: 1202 | C21: HERNÁNDEZ LÓPEZ SANTIAGO MATÍAS | D21: 0 | E21: 0 | F21: 0 | G21: 0 | H21: 0 | I21: 0 | J21: 0 | K21: 0 | L21: 0 | M21: 0 | N21: 0 | O21: 0 | P21: 0 | Q21: 0 | R21: =AVERAGE(D21:Q21) -> 0
A22: 18 | B22: 1147 | C22: IRINEO NAVARRO SOFIA ESMERALDA | D22: 0 | E22: 0 | F22: 0 | G22: 0 | H22: 0 | I22: 0 | J22: 0 | K22: 0 | L22: 0 | M22: 0 | N22: 0 | O22: 0 | P22: 0 | Q22: 0 | R22: =AVERAGE(D22:Q22) -> 0
A23: 19 | B23: 1193 | C23: IVAÑEZ DURAN TADEO SALVADOR | D23: 0 | E23: 0 | F23: 0 | G23: 0 | H23: 0 | I23: 0 | J23: 0 | K23: 0 | L23: 0 | M23: 0 | N23: 0 | O23: 0 | P23: 0 | Q23: 0 | R23: =AVERAGE(D23:Q23) -> 0
A24: 20 | B24: 1209 | C24: JAIME CAMBERO IAN CARLO | D24: 0 | E24: 0 | F24: 0 | G24: 0 | H24: 0 | I24: 0 | J24: 0 | K24: 0 | L24: 0 | M24: 0 | N24: 0 | O24: 0 | P24: 0 | Q24: 0 | R24: =AVERAGE(D24:Q24) -> 0
A25: 21 | B25: 1153 | C25: JIMENEZ MORENO FÁTIMA JOHANA YAZMIN | D25: 0 | E25: 0 | F25: 0 | G25: 0 | H25: 0 | I25: 0 | J25: 0 | K25: 0 | L25: 0 | M25: 0 | N25: 0 | O25: 0 | P25: 0 | Q25: 0 | R25: =AVERAGE(D25:Q25) -> 0
A26: 22 | B26: 1068 | C26: LÚA ALEXANDER YELENA ITZAYANA | D26: 0 | E26: 0 | F26: 0 | G26: 0 | H26: 0 | I26: 0 | J26: 0 | K26: 0 | L26: 0 | M26: 0 | N26: 0 | O26: 0 | P26: 0 | Q26: 0 | R26: =AVERAGE(D26:Q26) -> 0
A27: 23 | B27: 1244 | C27: MARTÍNEZ RODRÍGUEZ DAYANA | D27: 0 | E27: 0 | F27: 0 | G27: 0 | H27: 0 | I27: 0 | J27: 0 | K27: 0 | L27: 0 | M27: 0 | N27: 0 | O27: 0 | P27: 0 | Q27: 0 | R27: =AVERAGE(D27:Q27) -> 0
A28: 24 | B28: 719 | C28: MENDOZA GASPAR JULIAN | D28: 0 | E28: 0 | F28: 0 | G28: 0 | H28: 0 | I28: 0 | J28: 0 | K28: 0 | L28: 0 | M28: 0 | N28: 0 | O28: 0 | P28: 0 | Q28: 0 | R28: =AVERAGE(D28:Q28) -> 0
A29: 25 | B29: 1259 | C29: PARAMO CASTRO MATEO | D29: 0 | E29: 0 | F29: 0 | G29: 0 | H29: 0 | I29: 0 | J29: 0 | K29: 0 | L29: 0 | M29: 0 | N29: 0 | O29: 0 | P29: 0 | Q29: 0 | R29: =AVERAGE(D29:Q29) -> 0
... A35: 31 | B35: 1254 | C35: VERA GOMEZ SANTIAGO KARIM | D35: 0 | E35: 0 | F35: 0 | G35: 0 | H35: 0 | I35: 0 | J35: 0 | K35: 0 | L35: 0 | M35: 0 | N35: 0 | O35: 0 | P35: 0 | Q35: 0 | R35: =AVERAGE(D35:Q35) -> 0

Sheet OTRA 
B2: N7 SECUNDARIA 1°A | E2: Geografía
D3: Tarea | E3: 1 | F3: 2 | G3: 3 | H3: 4 | I3: 5 | J3: 6 | K3: 7 | L3: 8 | M3: 9 | N3: 10 | O3: 11 | P3: 12 | Q3: 13 | R3: 14 | S3: 15 | T3: 16 | U3: 17 | V3: 18 | W3: 19 | X3: 20 | Y3: 21 | Z3: 22 | AA3: 23 | AB3: Promedio
B4: No. | C4: Matrícula | D4: Nombre del Alumno
B5: 1 | C5: 1044 | D5: Almanza Rocha Valeria Paola | E5: 0 | F5: 0 | G5: 0 | H5: 0 | I5: 0 | J5: 0 | K5: 0 | L5: 0 | M5: 0 | N5: 0 | O5: 0 | P5: 0 | Q5: 0 | R5: 0 | S5: 0 | T5: 0 | U5: 0 | V5: 0 | W5: 0 | X5: 0 | Y5: 0 | Z5: 0 | AA5: 0 | AB5: =AVERAGE(E5:Z5) -> 0
B6: 2 | C6: 879 | D6: Camejo de la Torre Josue | E6: 0 | F6: 0 | G6: 0 | H6: 0 | I6: 0 | J6: 0 | K6: 0 | L6: 0 | M6: 0 | N6: 0 | O6: 0 | P6: 0 | Q6: 0 | R6: 0 | S6: 0 | T6: 0 | U6: 0 | V6: 0 | W6: 0 | X6: 0 | Y6: 0 | Z6: 0 | AA6: 0 | AB6: =AVERAGE(E6:Z6) -> 0
B7: 3 | C7: 1052 | D7: Chavez Escobedo Carlo | E7: 0 | F7: 0 | G7: 0 | H7: 0 | I7: 0 | J7: 0 | K7: 0 | L7: 0 | M7: 0 | N7: 0 | O7: 0 | P7: 0 | Q7: 0 | R7: 0 | S7: 0 | T7: 0 | U7: 0 | V7: 0 | W7: 0 | X7: 0 | Y7: 0 | Z7: 0 | AA7: 0 | AB7: =AVERAGE(E7:Z7) -> 0
B8: 4 | C8: 1114 | D8: Medina Hernandez Angela Karol | E8: 0 | F8: 0 | G8: 0 | H8: 0 | I8: 0 | J8: 0 | K8: 0 | L8: 0 | M8: 0 | N8: 0 | O8: 0 | P8: 0 | Q8: 0 | R8: 0 | S8: 0 | T8: 0 | U8: 0 | V8: 0 | W8: 0 | X8: 0 | Y8: 0 | Z8: 0 | AA8: 0 | AB8: =AVERAGE(E8:Z8) -> 0
B9: 5 | C9: 900 | D9: Morales Alvarez Julia | E9: 0 | F9: 0 | G9: 0 | H9: 0 | I9: 0 | J9: 0 | K9: 0 | L9: 0 | M9: 0 | N9: 0 | O9: 0 | P9: 0 | Q9: 0 | R9: 0 | S9: 0 | T9: 0 | U9: 0 | V9: 0 | W9: 0 | X9: 0 | Y9: 0 | Z9: 0 | AA9: 0 | AB9: =AVERAGE(E9:Z9) -> 0
B10: 6 | C10: 1058 | D10: Rodriguez Robles Mateo | E10: 0 | F10: 0 | G10: 0 | H10: 0 | I10: 0 | J10: 0 | K10: 0 | L10: 0 | M10: 0 | N10: 0 | O10: 0 | P10: 0 | Q10: 0 | R10: 0 | S10: 0 | T10: 0 | U10: 0 | V10: 0 | W10: 0 | X10: 0 | Y10: 0 | Z10: 0 | AA10: 0 | AB10: =AVERAGE(E10:Z10) -> 0
B11: 7 | C11: 1018 | D11: Sanchez Pedraza Ian Alexander | E11: 0 | F11: 0 | G11: 0 | H11: 0 | I11: 0 | J11: 0 | K11: 0 | L11: 0 | M11: 0 | N11: 0 | O11: 0 | P11: 0 | Q11: 0 | R11: 0 | S11: 0 | T11: 0 | U11: 0 | V11: 0 | W11: 0 | X11: 0 | Y11: 0 | Z11: 0 | AA11: 0 | AB11: =AVERAGE(E11:Z11) -> 0
B12: 8 | C12: 714 | D12: Serrano Ponce Camila Denisse | E12: 0 | F12: 0 | G12: 0 | H12: 0 | I12: 0 | J12: 0 | K12: 0 | L12: 0 | M12: 0 | N12: 0 | O12: 0 | P12: 0 | Q12: 0 | R12: 0 | S12: 0 | T12: 0 | U12: 0 | V12: 0 | W12: 0 | X12: 0 | Y12: 0 | Z12: 0 | AA12: 0 | AB12: =AVERAGE(E12:Z12) -> 0
B13: 9 | C13: 1010 | D13: Torres Avalos Oskar | E13: 0 | F13: 0 | G13: 0 | H13: 0 | I13: 0 | J13: 0 | K13: 0 | L13: 0 | M13: 0 | N13: 0 | O13: 0 | P13: 0 | Q13: 0 | R13: 0 | S13: 0 | T13: 0 | U13: 0 | V13: 0 | W13: 0 | X13: 0 | Y13: 0 | Z13: 0 | AA13: 0 | AB13: =AVERAGE(E13:Z13) -> 0
B14: 10 | C14: 1211 | D14: Venegas Delgadillo Jorge Alfonso | E14: 0 | F14: 0 | G14: 0 | H14: 0 | I14: 0 | J14: 0 | K14: 0 | L14: 0 | M14: 0 | N14: 0 | O14: 0 | P14: 0 | Q14: 0 | R14: 0 | S14: 0 | T14: 0 | U14: 0 | V14: 0 | W14: 0 | X14: 0 | Y14: 0 | Z14: 0 | AA14: 0 | AB14: =AVERAGE(E14:Z14) -> 0
B15: 11 | C15: 880 | D15: Zarate Medellin Regina Noemi | E15: 0 | F15: 0 | G15: 0 | H15: 0 | I15: 0 | J15: 0 | K15: 0 | L15: 0 | M15: 0 | N15: 0 | O15: 0 | P15: 0 | Q15: 0 | R15: 0 | S15: 0 | T15: 0 | U15: 0 | V15: 0 | W15: 0 | X15: 0 | Y15: 0 | Z15: 0 | AA15: 0 | AB15: =AVERAGE(E15:Z15) -> 0
B16: 12 | C16: 1199 | D16: Fuentes Fernandez Maximo Dario | E16: 0 | F16: 0 | G16: 0 | H16: 0 | I16: 0 | J16: 0 | K16: 0 | L16: 0 | M16: 0 | N16: 0 | O16: 0 | P16: 0 | Q16: 0 | R16: 0 | S16: 0 | T16: 0 | U16: 0 | V16: 0 | W16: 0 | X16: 0 | Y16: 0 | Z16: 0 | AA16: 0 | AB16: =AVERAGE(E16:Z16) -> 0
B17: 13 | C17: PPRIM242550 | D17: Gonzalez Parra Amanda Rhomina | E17: 0 | F17: 0 | G17: 0 | H17: 0 | I17: 0 | J17: 0 | K17: 0 | L17: 0 | M17: 0 | N17: 0 | O17: 0 | P17: 0 | Q17: 0 | R17: 0 | S17: 0 | T17: 0 | U17: 0 | V17: 0 | W17: 0 | X17: 0 | Y17: 0 | Z17: 0 | AA17: 0 | AB17: =AVERAGE(E17:Z17) -> 0
B18: 14 | C18: 1246 | D18: Gonzalez Soto Adiel Emiliano | E18: 0 | F18: 0 | G18: 0 | H18: 0 | I18: 0 | J18: 0 | K18: 0 | L18: 0 | M18: 0 | N18: 0 | O18: 0 | P18: 0 | Q18: 0 | R18: 0 | S18: 0 | T18: 0 | U18: 0 | V18: 0 | W18: 0 | X18: 0 | Y18: 0 | Z18: 0 | AA18: 0 | AB18: =AVERAGE(E18:Z18) -> 0
B19: 15 | C19: 1156 | D19: González de la Cerda Isaías Daniel | E19: 0 | F19: 0 | G19: 0 | H19: 0 | I19: 0 | J19: 0 | K19: 0 | L19: 0 | M19: 0 | N19: 0 | O19: 0 | P19: 0 | Q19: 0 | R19: 0 | S19: 0 | T19: 0 | U19: 0 | V19: 0 | W19: 0 | X19: 0 | Y19: 0 | Z19: 0 | AA19: 0 | AB19: =AVERAGE(E19:Z19) -> 0
B20: 16 | C20: 1187 | D20: Hernández Félix Neizan Jesús | E20: 0 | F20: 0 | G20: 0 | H20: 0 | I20: 0 | J20: 0 | K20: 0 | L20: 0 | M20: 0 | N20: 0 | O20: 0 | P20: 0 | Q20: 0 | R20: 0 | S20: 0 | T20: 0 | U20: 0 | V20: 0 | W20: 0 | X20: 0 | Y20: 0 | Z20: 0 | AA20: 0 | AB20: =AVERAGE(E20:Z20) -> 0
B21: 17 | C21: 1202 | D21: Hernández López Santiago Matías | E21: 0 | F21: 0 | G21: 0 | H21: 0 | I21: 0 | J21: 0 | K21: 0 | L21: 0 | M21: 0 | N21: 0 | O21: 0 | P21: 0 | Q21: 0 | R21: 0 | S21: 0 | T21: 0 | U21: 0 | V21: 0 | W21: 0 | X21: 0 | Y21: 0 | Z21: 0 | AA21: 0 | AB21: =AVERAGE(E21:Z21) -> 0
B22: 18 | C22: 1147 | D22: Irineo Navarro Sofia Esmeralda | E22: 0 | F22: 0 | G22: 0 | H22: 0 | I22: 0 | J22: 0 | K22: 0 | L22: 0 | M22: 0 | N22: 0 | O22: 0 | P22: 0 | Q22: 0 | R22: 0 | S22: 0 | T22: 0 | U22: 0 | V22: 0 | W22: 0 | X22: 0 | Y22: 0 | Z22: 0 | AA22: 0 | AB22: =AVERAGE(E22:Z22) -> 0
B23: 19 | C23: 1193 | D23: Ivañez Duran Tadeo Salvador | E23: 0 | F23: 0 | G23: 0 | H23: 0 | I23: 0 | J23: 0 | K23: 0 | L23: 0 | M23: 0 | N23: 0 | O23: 0 | P23: 0 | Q23: 0 | R23: 0 | S23: 0 | T23: 0 | U23: 0 | V23: 0 | W23: 0 | X23: 0 | Y23: 0 | Z23: 0 | AA23: 0 | AB23: =AVERAGE(E23:Z23) -> 0
B24: 20 | C24: 1209 | D24: Jaime Cambero Ian Carlo | E24: 0 | F24: 0 | G24: 0 | H24: 0 | I24: 0 | J24: 0 | K24: 0 | L24: 0 | M24: 0 | N24: 0 | O24: 0 | P24: 0 | Q24: 0 | R24: 0 | S24: 0 | T24: 0 | U24: 0 | V24: 0 | W24: 0 | X24: 0 | Y24: 0 | Z24: 0 | AA24: 0 | AB24: =AVERAGE(E24:Z24) -> 0
B25: 21 | C25: 1153 | D25: Jimenez Moreno Fátima Johana Yazmin | E25: 0 | F25: 0 | G25: 0 | H25: 0 | I25: 0 | J25: 0 | K25: 0 | L25: 0 | M25: 0 | N25: 0 | O25: 0 | P25: 0 | Q25: 0 | R25: 0 | S25: 0 | T25: 0 | U25: 0 | V25: 0 | W25: 0 | X25: 0 | Y25: 0 | Z25: 0 | AA25: 0 | AB25: =AVERAGE(E25:Z25) -> 0
B26: 22 | C26: 1068 | D26: Lúa Alexander Yelena Itzayana | E26: 0 | F26: 0 | G26: 0 | H26: 0 | I26: 0 | J26: 0 | K26: 0 | L26: 0 | M26: 0 | N26: 0 | O26: 0 | P26: 0 | Q26: 0 | R26: 0 | S26: 0 | T26: 0 | U26: 0 | V26: 0 | W26: 0 | X26: 0 | Y26: 0 | Z26: 0 | AA26: 0 | AB26: =AVERAGE(E26:Z26) -> 0
B27: 23 | C27: 1244 | D27: Martínez Rodríguez Dayana | E27: 0 | F27: 0 | G27: 0 | H27: 0 | I27: 0 | J27: 0 | K27: 0 | L27: 0 | M27: 0 | N27: 0 | O27: 0 | P27: 0 | Q27: 0 | R27: 0 | S27: 0 | T27: 0 | U27: 0 | V27: 0 | W27: 0 | X27: 0 | Y27: 0 | Z27: 0 | AA27: 0 | AB27: =AVERAGE(E27:Z27) -> 0
B28: 24 | C28: 719 | D28: Mendoza Gaspar Julian | E28: 0 | F28: 0 | G28: 0 | H28: 0 | I28: 0 | J28: 0 | K28: 0 | L28: 0 | M28: 0 | N28: 0 | O28: 0 | P28: 0 | Q28: 0 | R28: 0 | S28: 0 | T28: 0 | U28: 0 | V28: 0 | W28: 0 | X28: 0 | Y28: 0 | Z28: 0 | AA28: 0 | AB28: =AVERAGE(E28:Z28) -> 0
B29: 25 | C29: 1259 | D29: Paramo Castro Mateo | E29: 0 | F29: 0 | G29: 0 | H29: 0 | I29: 0 | J29: 0 | K29: 0 | L29: 0 | M29: 0 | N29: 0 | O29: 0 | P29: 0 | Q29: 0 | R29: 0 | S29: 0 | T29: 0 | U29: 0 | V29: 0 | W29: 0 | X29: 0 | Y29: 0 | Z29: 0 | AA29: 0 | AB29: =AVERAGE(E29:Z29) -> 0
... B35: 31 | C35: 1254 | D35: Vera Gomez Santiago Karim | E35: 0 | F35: 0 | G35: 0 | H35: 0 | I35: 0 | J35: 0 | K35: 0 | L35: 0 | M35: 0 | N35: 0 | O35: 0 | P35: 0 | Q35: 0 | R35: 0 | S35: 0 | T35: 0 | U35: 0 | V35: 0 | W35: 0 | X35: 0 | Y35: 0 | Z35: 0 | AA35: 0 | AB35: =AVERAGE(E35:Z35) -> 0

Sheet INCIDENCIA 
A1: N7 SECUNDARIA 1°A | D1: Geografía I
C2: Concepto | D2: Revisión del Libro P.P. - Lo que debe | E2: Revisión del Cuaderno-Lecciones
A3: No. | B3: Matrícula | C3: Nombre del Alumno | F3: Conducta
A4: 1 | B4: 1261 | C4: Barbosa Leon Damian Alejandro | D4: debe 41 Proyecto | E4: Lecciones // Tareas
A5: 2 | B5: 1249 | C5: Barragan Canela Leonela Nicole | D5: Debe 55 Proyecto debe 4 | E5: Lecciones // Tareas
A6: 3 | B6: 1130 | C6: Barrera Ortega Ximena Paola | D6: 92*100/96= 9.5 Debe 4 Lecciones // Proyecto 10 | E6: 30/30 Lecciones =10 // 14/14 Tareas =10
A7: 4 | B7: 605 | C7: Bernal Serrano Jessica Liliana | D7: 68 * 100 / 96 = 7.0 Debe 28 Lecciones // Proyecto 10 | E7: 10/30 Lecciones = 3.3 // 2/14 Tareas = 1.4
A8: 5 | B8: 612 | C8: Castillo Lopez Carlos Gael | D8: 86 *100 / 96 = 8.9 Debe 10 Lecciones // Proyecto 10 | E8: 17/30 Lecciones = 5.6 // 9/14 Tareas= 6.4
A9: 6 | B9: 1159 | C9: Cárdenas Calá Antonella | D9: 93*100/96= 9.6 Debe 3 Lecciones // Proyecto 10 | E9: 29/30 Lecciones =9.6 // 14/14 Tareas = 10
A10: 7 | B10: 1233 | C10: Cruz Gama Mateo Emiliano | D10: 89 *100 / 96 = 9.2 Debe 7 Lecciones // Proyecto 9 | E10: 23/30 Lecciones =7.6 // 2/14 Tareas = 1.4
A11: 8 | B11: 1168 | C11: Cueva Rangel Oswaldo Eleazar | D11: 38 *100 / 96 = 3.9 Debe 58 Lecciones // Proyecto 0 | E11: Lecciones // Tareas
A12: 9 | B12: 1150 | C12: Dávalos Sánchez Francisco Tadeo | D12: 75*100/96 = 7.8 Debe 21 Lecciones // Proyecto 10 | E12: 27/30 Lecciones = 9.0 //14/14 Tareas =10
A13: 10 | B13: 1184 | C13: Díaz Elizalde Sofía | D13: 93*100/96= 9.6 Debe 3 Lecciones // Proyecto 10 | E13: Lecciones // Tareas
A14: 11 | B14: 1270 | C14: Espinoza Gonzalez Leonardo Daniel | D14: No entregó libro | E14: Lecciones // Tareas
A15: 12 | B15: 1199 | C15: Fuentes Fernandez Maximo Dario | D15: 91*100/96= 9.4 Debe 5 Lecciones // Proyecto 10 | E15: 20/30 Lecciones = 6.6 // 14/14 Tareas = 10
A16: 13 | B16: PPRIM242550 | C16: Gonzalez Parra Amanda Rhomina | D16: 87*100/96 = 9.0 Debe 9 Lecciones // Proyecto 10 | E16: 19/30 Lecciones = 6.3 // 14/14 Tareas = 10
A17: 14 | B17: 1246 | C17: Gonzalez Soto Adiel Emiliano | D17: 80*100/96 = 8.3 Debe 16 Lecciones // Proyecto 10 | E17: 19/30 Lecciones = 6.3 // 14/14 Tareas = 10
A18: 15 | B18: 1156 | C18: González de la Cerda Isaías Daniel | D18: 70*100/96 = 7.2 Debe 20 Lecciones // Proyecto 9 | E18: Lecciones // Tareas
A19: 16 | B19: 1187 | C19: Hernández Félix Neizan Jesús | D19: 79*100/96 = 8.2 Debe 17 Lecciones // Proyecto 9 | E19: 23/30 Lecciones = 7.6 // 10/14 Tareas = 7.1
A20: 17 | B20: 1202 | C20: Hernández López Santiago Matías | D20: 88*100/96 = 9.1 Debe 8 Lecciones // Proyecto 10 | E20: 24/30 Lecciones= 8.0 // 5/14 Tareas= 3.5
A21: 18 | B21: 1147 | C21: Irineo Navarro Sofia Esmeralda | D21: 75*100/96 = 7.8 Debe 21 Lecciones // Proyecto 10 | E21: 28/30 Lecciones = 9.3 //4/14 Tareas = 2.8
A22: 19 | B22: 1193 | C22: Ivañez Duran Tadeo Salvador | D22: 92*100/96= 9.5 Debe 4 Lecciones // Proyecto 10 | E22: Lecciones // Tareas
A23: 20 | B23: 1209 | C23: Jaime Cambero Ian Carlo | D23: 72*100/96 = 7.5 Debe 24 Lecciones // Proyecto 10 | E23: 19/30 Lecciones = 6.3 // 9/14 Tareas = 6.4
A24: 21 | B24: 1153 | C24: Jimenez Moreno Fátima Johana Yazmin | D24: 81*100/96= 8.4 Debe 15 Lecciones // Proyecto 10 | E24: 24/30 Lecciones =80 // 5/14 Tareas= 3.5
A25: 22 | B25: 1068 | C25: Lúa Alexander Yelena Itzayana | D25: 68 * 100 / 96 = 7.0 Debe 28 Lecciones // Proyecto 10 | E25: 19/30 Lecciones= 6.3 // 6/14 Tareas = 4.2
A26: 23 | B26: 1244 | C26: Martínez Rodríguez Dayana | D26: 85 * 100 / 96 = 8.8 Debe 11 Lecciones // Proyecto 10 | E26: Lecciones // Tareas
A27: 24 | B27: 719 | C27: Mendoza Gaspar Julian | D27: 44*100/96 = 4.5 Debe 52 Lecciones // Proyecto 7 | E27: 13//30 Lecciones=4.3 // 2/14 Tareas=1.4
A28: 25 | B28: 1259 | C28: Paramo Castro Mateo | D28: 86 *100 / 96 = 8.9 Debe 10 lecciones // Proyecto 9 | E28: 30/30 Lecciones =10 // 14/14 Tareas=10
... A34: 31 | B34: 1254 | C34: Vera Gomez Santiago Karim | D34: 10 Lecciones completas // Proyecto 9 | E34: 21/30 Lecciones =7.0 // 12/14 Tareas = 8.5
