Workbook

Sheet Calificaciones
B2: N7 SECUNDARIA 1°A | E2: Historia
D3: Concepto a Calificar | E3: Examen 1 | F3: Examen 2 | G3: Examen Trimestral | H3: Disciplina | I3: Tareas | J3: Registro Diario | K3: Proyecto | L3: Promedio | M3: Comentario de Apoyo Requerido
D4: Porcentaje | E4: 0.09 | F4: 0.09 | G4: 0.25 | H4: 0.07 | I4: 0.2 | J4: 0.2 | K4: 0.1
B5: No. | C5: Matrícula | D5: Nombre del Alumno
B6: 1 | C6: 1261 | D6: Barbosa Leon Damian Alejandro | E6: 3 | F6: 7.3 | G6: 0 | H6: 0 | I6: =Tareas!W6 -> 0 | J6: 0 | K6: 0 | L6: =E6*0.09+F6*0.09+G8*0.25+H6*0.07+I6*0.2+J6*0.2+K6*0.1 -> 0.927
B7: 2 | C7: 1249 | D7: Barragan Canela Leonela Nicole | E7: 7 | F7: 8 | G7: 0 | H7: 0 | I7: =Tareas!W7 -> 0 | J7: 0 | K7: 0 | L7: =E7*0.09+F7*0.09+G7*0.25+H7*0.07+I7*0.2+J7*0.2+K7*0.1 -> 1.35
B8: 3 | C8: 1130 | D8: Barrera Ortega Ximena Paola | E8: 6 | F8: 9.3 | G8: 0 | H8: 0 | I8: =Tareas!W8 -> 0 | J8: 0 | K8: 0 | L8: =E8*0.09+F8*0.09+G8*0.25+H8*0.07+I8*0.2+J8*0.2+K8*0.1 -> 1.377
B9: 4 | C9: 605 | D9: Bernal Serrano Jessica Liliana | E9: 6 | F9: 6.7 | G9: 0 | H9: 0 | I9: =Tareas!W9 -> 0 | J9: 0 | K9: 0 | L9: =E9*0.09+F9*0.09+G9*0.25+H9*0.07+I9*0.2+J9*0.2+K9*0.1 -> 1.143
B10: 5 | C10: 612 | D10: Castillo Lopez Carlos Gael | E10: 6 | F10: 8.7 | G10: 0 | H10: 0 | I10: =Tareas!W10 -> 0 | J10: 0 | K10: 0 | L10: =E10*0.09+F10*0.09+G10*0.25+H10*0.07+I10*0.2+J10*0.2+K10*0.1 -> 1.323
B11: 6 | C11: 1159 | D11: Cárdenas Calá Antonella | E11: 7 | F11: 7.3 | G11: 0 | H11: 0 | I11: =Tareas!W11 -> 0 | J11: 0 | K11: 0 | L11: =E11*0.09+F11*0.09+G11*0.25+H11*0.07+I11*0.2+J11*0.2+K11*0.1 -> 1.287
B12: 7 | C12: 1233 | D12: Cruz Gama Mateo Emiliano | E12: 4 | F12: 6.7 | G12: 0 | H12: 0 | I12: =Tareas!W12 -> 0 | J12: 0 | K12: 0 | L12: =E12*0.09+F12*0.09+G12*0.25+H12*0.07+I12*0.2+J12*0.2+K12*0.1 -> 0.963
B13: 8 | C13: 1168 | D13: Cueva Rangel Oswaldo Eleazar | E13: 4 | F13: 6.7 | G13: 0 | H13: 0 | I13: =Tareas!W13 -> 0 | J13: 0 | K13: 0 | L13: =E13*0.09+F13*0.09+G13*0.25+H13*0.07+I13*0.2+J13*0.2+K13*0.1 -> 0.963
B14: 9 | C14: 1150 | D14: Dávalos Sánchez Francisco Tadeo | E14: 5 | F14: 5.3 | G14: 0 | H14: 0 | I14: =Tareas!W14 -> 0 | J14: 0 | K14: 0 | L14: =E14*0.09+F14*0.09+G14*0.25+H14*0.07+I14*0.2+J14*0.2+K14*0.1 -> 0.927
B15: 10 | C15: 1184 | D15: Díaz Elizalde Sofía | E15: 7 | F15: 8 | G15: 0 | H15: 0 | I15: =Tareas!W15 -> 0 | J15: 0 | K15: 0 | L15: =E15*0.09+F15*0.09+G15*0.25+H15*0.07+I15*0.2+J15*0.2+K15*0.1 -> 1.35
B16: 11 | C16: 1270 | D16: Espinoza Gonzalez Leonardo Daniel | E16: 5 | F16: 7.6 | G16: 0 | H16: 0 | I16: =Tareas!W16 -> 0 | J16: 0 | K16: 0 | L16: =E16*0.09+F16*0.09+G16*0.25+H16*0.07+I16*0.2+J16*0.2+K16*0.1 -> 1.134
B17: 12 | C17: 1199 | D17: Fuentes Fernandez Maximo Dario | E17: 5 | F17: 6.7 | G17: 0 | H17: 0 | I17: =Tareas!W17 -> 0 | J17: 0 | K17: 0 | L17: =E17*0.09+F17*0.09+G17*0.25+H17*0.07+I17*0.2+J17*0.2+K17*0.1 -> 1.053
B18: 13 | C18: PPRIM242550 | D18: Gonzalez Parra Amanda Rhomina | E18: 7 | F18: 8.7 | G18: 0 | H18: 0 | I18: =Tareas!W18 -> 0 | J18: 0 | K18: 0 | L18: =E18*0.09+F18*0.09+G18*0.25+H18*0.07+I18*0.2+J18*0.2+K18*0.1 -> 1.413
B19: 14 | C19: 1246 | D19: Gonzalez Soto Adiel Emiliano | E19: 5 | F19: 4.7 | G19: 0 | H19: 0 | I19: =Tareas!W19 -> 0 | J19: 0 | K19: 0 | L19: =E19*0.09+F19*0.09+G19*0.25+H19*0.07+I19*0.2+J19*0.2+K19*0.1 -> 0.873
B20: 15 | C20: 1156 | D20: González de la Cerda Isaías Daniel | E20: 3 | F20: 6.7 | G20: 0 | H20: 0 | I20: =Tareas!W20 -> 0 | J20: 0 | K20: 0 | L20: =E20*0.09+F20*0.09+G20*0.25+H20*0.07+I20*0.2+J20*0.2+K20*0.1 -> 0.873
B21: 16 | C21: 1187 | D21: Hernández Félix Neizan Jesús | E21: 6 | F21: 4.7 | G21: 0 | H21: 0 | I21: =Tareas!W21 -> 0 | J21: 0 | K21: 0 | L21: =E21*0.09+F21*0.09+G21*0.25+H21*0.07+I21*0.2+J21*0.2+K21*0.1 -> 0.963
B22: 17 | C22: 1202 | D22: Hernández López Santiago Matías | E22: 5 | F22: 9.3 | G22: 0 | H22: 0 | I22: =Tareas!W22 -> 0 | J22: 0 | K22: 0 | L22: =E22*0.09+F22*0.09+G22*0.25+H22*0.07+I22*0.2+J22*0.2+K22*0.1 -> 1.287
B23: 18 | C23: 1147 | D23: Irineo Navarro Sofia Esmeralda | E23: 6 | F23: 4 | G23: 0 | H23: 0 | I23: =Tareas!W23 -> 0 | J23: 0 | K23: 0 | L23: =E23*0.09+F23*0.09+G23*0.25+H23*0.07+I23*0.2+J23*0.2+K23*0.1 -> 0.9
B24: 19 | C24: 1193 | D24: Ivañez Duran Tadeo Salvador | E24: 2 | F24: 8.7 | G24: 0 | H24: 0 | I24: =Tareas!W24 -> 0 | J24: 0 | K24: 0 | L24: =E24*0.09+F24*0.09+G24*0.25+H24*0.07+I24*0.2+J24*0.2+K24*0.1 -> 0.963
B25: 20 | C25: 1209 | D25: Jaime Cambero Ian Carlo | E25: 6 | F25: 8 | G25: 0 | H25: 0 | I25: =Tareas!W25 -> 0 | J25: 0 | K25: 0 | L25: =E25*0.09+F25*0.09+G25*0.25+H25*0.07+I25*0.2+J25*0.2+K25*0.1 -> 1.26
B26: 21 | C26: 1153 | D26: Jimenez Moreno Fátima Johana Yazmin | E26: 5 | F26: 10 | G26: 0 | H26: 0 | I26: =Tareas!W26 -> 0 | J26: 0 | K26: 0 | L26: =E26*0.09+F26*0.09+G26*0.25+H26*0.07+I26*0.2+J26*0.2+K26*0.1 -> 1.35
B27: 22 | C27: 1068 | D27: Lúa Alexander Yelena Itzayana | E27: 5 | F27: 0 | G27: 0 | H27: 0 | I27: =Tareas!W27 -> 0 | J27: 0 | K27: 0 | L27: =E27*0.09+F27*0.09+G27*0.25+H27*0.07+I27*0.2+J27*0.2+K27*0.1 -> 0.45
B28: 23 | C28: 1244 | D28: Martínez Rodríguez Dayana | E28: 4 | F28: 6.7 | G28: 0 | H28: 0 | I28: =Tareas!W28 -> 0 | J28: 0 | K28: 0 | L28: =E28*0.09+F28*0.09+G28*0.25+H28*0.07+I28*0.2+J28*0.2+K28*0.1 -> 0.963
B29: 24 | C29: 719 | D29: Mendoza Gaspar Julian | E29: 2 | F29: 2 | G29: 0 | H29: 0 | I29: =Tareas!W29 -> 0 | J29: 0 | K29: 0 | L29: =E29*0.09+F29*0.09+G29*0.25+H29*0.07+I29*0.2+J29*0.2+K29*0.1 -> 0.36
B30: 25 | C30: 1259 | D30: Paramo Castro Mateo | E30: 2 | F30: 3.3 | G30: 0 | H30: 0 | I30: =Tareas!W30 -> 0 | J30: 0 | K30: 0 | L30: =E30*0.09+F30*0.09+G30*0.25+H30*0.07+I30*0.2+J30*0.2+K30*0.1 -> 0.477
... B36: 31 | C36: 1254 | D36: Vera Gomez Santiago Karim | E36: 8 | F36: 8 | G36: 0 | H36: 0 | I36: =Tareas!W36 -> 0 | J36: 0 | K36: 0 | L36: =E36*0.09+F36*0.09+G36*0.25+H36*0.07+I36*0.2+J36*0.2+K36*0.1 -> 1.44
B37: TOTAL | E37: =AVERAGE(E6:E36) -> 5.0645161 | F37: =AVERAGE(F6:F36) -> 6.7258065 | G37: =AVERAGE(G6:G36) -> 0 | H37: =AVERAGE(H6:H36) -> 0 | I37: =AVERAGE(I6:I36) -> 0 | J37: =AVERAGE(J6:J36) -> 0 | K37: =AVERAGE(K6:K36) -> 0 | L37: =AVERAGE(L6:L36) -> 1.061129

Sheet Tareas
B2: N7 SECUNDARIA 1°A | E2: Historia
D3: Tarea | E3: Entrevista ¿Cómo se vivía en la infancia? | F3: Historia de un pueblo de México | G3: Mito o leyenda de un pueblo | H3: Mapa del Continente americano que abarque toda la hoja | I3: Fuente histórica directa o indirecta | J3: Diferencia entre hecho y proceso histórico | K3: ¿Qué son las pinturas rupestres y que finalidad tenían? | L3: Tumbass de tiro | M3: Mujeres historiadoras | N3: Tabla elementos culturales prehispánicos | O3: Culturas que habitaron Oasisiamérica y Aridoamérica | P3: Gastronomía Mesoaméricana | Q3: El Popol Voh | R3: Primeros pobladores de América | S3: Dibujo de Chacmol y su uso | T3: ¿Qué es un teocalli? | U3: ¿Qué es una chinampa? | V3: Temario
E4: 1 | F4: 2 | G4: 3 | H4: 4 | I4: 5 | J4: 6 | K4: 7 | L4: 8 | M4: 9 | N4: 10 | O4: 11 | P4: 12 | Q4: 13 | R4: 14 | S4: 15 | T4: 16 | U4: 17 | V4: 18 | W4: Promedio
B5: No. | C5: Matrícula | D5: Nombre del Alumno
B6: 1 | C6: 1261 | D6: BARBOSA LEON DAMIAN ALEJANDRO | E6: 0 | F6: 0 | G6: 0 | H6: 0 | I6: 0 | J6: 0 | K6: 0 | L6: 0 | M6: 0 | N6: 0 | O6: 0 | P6: 0 | Q6: 0 | R6: 0 | S6: 0 | T6: 0 | U6: 0 | V6: 0 | W6: =AVERAGE(E6:V6) -> 0
B7: 2 | C7: 1249 | D7: BARRAGAN CANELA LEONELA NICOLE | E7: 0 | F7: 0 | G7: 0 | H7: 0 | I7: 0 | J7: 0 | K7: 0 | L7: 0 | M7: 0 | N7: 0 | O7: 0 | P7: 0 | Q7: 0 | R7: 0 | S7: 0 | T7: 0 | U7: 0 | V7: 0 | W7: =AVERAGE(E7:V7) -> 0
B8: 3 | C8: 1130 | D8: BARRERA ORTEGA XIMENA PAOLA | E8: 0 | F8: 0 | G8: 0 | H8: 0 | I8: 0 | J8: 0 | K8: 0 | L8: 0 | M8: 0 | N8: 0 | O8: 0 | P8: 0 | Q8: 0 | R8: 0 | S8: 0 | T8: 0 | U8: 0 | V8: 0 | W8: =AVERAGE(E8:V8) -> 0
B9: 4 | C9: 605 | D9: BERNAL SERRANO JESSICA LILIANA | E9: 0 | F9: 0 | G9: 0 | H9: 0 | I9: 0 | J9: 0 | K9: 0 | L9: 0 | M9: 0 | N9: 0 | O9: 0 | P9: 0 | Q9: 0 | R9: 0 | S9: 0 | T9: 0 | U9: 0 | V9: 0 | W9: =AVERAGE(E9:V9) -> 0
B10: 5 | C10: 612 | D10: CASTILLO LOPEZ CARLOS GAEL | E10: 0 | F10: 0 | G10: 0 | H10: 0 | I10: 0 | J10: 0 | K10: 0 | L10: 0 | M10: 0 | N10: 0 | O10: 0 | P10: 0 | Q10: 0 | R10: 0 | S10: 0 | T10: 0 | U10: 0 | V10: 0 | W10: =AVERAGE(E10:V10) -> 0
B11: 6 | C11: 1159 | D11: CÁRDENAS CALÁ ANTONELLA | E11: 0 | F11: 0 | G11: 0 | H11: 0 | I11: 0 | J11: 0 | K11: 0 | L11: 0 | M11: 0 | N11: 0 | O11: 0 | P11: 0 | Q11: 0 | R11: 0 | S11: 0 | T11: 0 | U11: 0 | V11: 0 | W11: =AVERAGE(E11:V11) -> 0
B12: 7 | C12: 1233 | D12: CRUZ GAMA MATEO EMILIANO | E12: 0 | F12: 0 | G12: 0 | H12: 0 | I12: 0 | J12: 0 | K12: 0 | L12: 0 | M12: 0 | N12: 0 | O12: 0 | P12: 0 | Q12: 0 | R12: 0 | S12: 0 | T12: 0 | U12: 0 | V12: 0 | W12: =AVERAGE(E12:V12) -> 0
B13: 8 | C13: 1168 | D13: CUEVA RANGEL OSWALDO ELEAZAR | E13: 0 | F13: 0 | G13: 0 | H13: 0 | I13: 0 | J13: 0 | K13: 0 | L13: 0 | M13: 0 | N13: 0 | O13: 0 | P13: 0 | Q13: 0 | R13: 0 | S13: 0 | T13: 0 | U13: 0 | V13: 0 | W13: =AVERAGE(E13:V13) -> 0
B14: 9 | C14: 1150 | D14: DÁVALOS SÁNCHEZ FRANCISCO TADEO | E14: 0 | F14: 0 | G14: 0 | H14: 0 | I14: 0 | J14: 0 | K14: 0 | L14: 0 | M14: 0 | N14: 0 | O14: 0 | P14: 0 | Q14: 0 | R14: 0 | S14: 0 | T14: 0 | U14: 0 | V14: 0 | W14: =AVERAGE(E14:V14) -> 0
B15: 10 | C15: 1184 | D15: DÍAZ ELIZALDE SOFÍA | E15: 0 | F15: 0 | G15: 0 | H15: 0 | I15: 0 | J15: 0 | K15: 0 | L15: 0 | M15: 0 | N15: 0 | O15: 0 | P15: 0 | Q15: 0 | R15: 0 | S15: 0 | T15: 0 | U15: 0 | V15: 0 | W15: =AVERAGE(E15:V15) -> 0
B16: 11 | C16: 1270 | D16: ESPINOZA GONZALEZ LEONARDO DANIEL | E16: 0 | F16: 0 | G16: 0 | H16: 0 | I16: 0 | J16: 0 | K16: 0 | L16: 0 | M16: 0 | N16: 0 | O16: 0 | P16: 0 | Q16: 0 | R16: 0 | S16: 0 | T16: 0 | U16: 0 | V16: 0 | W16: =AVERAGE(E16:V16) -> 0
B17: 12 | C17: 1199 | D17: FUENTES FERNANDEZ MAXIMO DARIO | E17: 0 | F17: 0 | G17: 0 | H17: 0 | I17: 0 | J17: 0 | K17: 0 | L17: 0 | M17: 0 | N17: 0 | O17: 0 | P17: 0 | Q17: 0 | R17: 0 | S17: 0 | T17: 0 | U17: 0 | V17: 0 | W17: =AVERAGE(E17:V17) -> 0
B18: 13 | C18: PPRIM242550 | D18: GONZALEZ PARRA AMANDA RHOMINA | E18: 0 | F18: 0 | G18: 0 | H18: 0 | I18: 0 | J18: 0 | K18: 0 | L18: 0 | M18: 0 | N18: 0 | O18: 0 | P18: 0 | Q18: 0 | R18: 0 | S18: 0 | T18: 0 | U18: 0 | V18: 0 | W18: =AVERAGE(E18:V18) -> 0
B19: 14 | C19: 1246 | D19: GONZALEZ SOTO ADIEL EMILIANO | E19: 0 | F19: 0 | G19: 0 | H19: 0 | I19: 0 | J19: 0 | K19: 0 | L19: 0 | M19: 0 | N19: 0 | O19: 0 | P19: 0 | Q19: 0 | R19: 0 | S19: 0 | T19: 0 | U19: 0 | V19: 0 | W19: =AVERAGE(E19:V19) -> 0
B20: 15 | C20: 1156 | D20: GONZÁLEZ DE LA CERDA ISAÍAS DANIEL | E20: 0 | F20: 0 | G20: 0 | H20: 0 | I20: 0 | J20: 0 | K20: 0 | L20: 0 | M20: 0 | N20: 0 | O20: 0 | P20: 0 | Q20: 0 | R20: 0 | S20: 0 | T20: 0 | U20: 0 | V20: 0 | W20: =AVERAGE(E20:V20) -> 0
B21: 16 | C21: 1187 | D21: HERNÁNDEZ FÉLIX NEIZAN JESÚS | E21: 0 | F21: 0 | G21: 0 | H21: 0 | I21: 0 | J21: 0 | K21: 0 | L21: 0 | M21: 0 | N21: 0 | O21: 0 | P21: 0 | Q21: 0 | R21: 0 | S21: 0 | T21: 0 | U21: 0 | V21: 0 | W21: =AVERAGE(E21:V21) -> 0
B22: 17 | C22: 1202 | D22: HERNÁNDEZ LÓPEZ SANTIAGO MATÍAS | E22: 0 | F22: 0 | G22: 0 | H22: 0 | I22: 0 | J22: 0 | K22: 0 | L22: 0 | M22: 0 | N22: 0 | O22: 0 | P22: 0 | Q22: 0 | R22: 0 | S22: 0 | T22: 0 | U22: 0 | V22: 0 | W22: =AVERAGE(E22:V22) -> 0
B23: 18 | C23: 1147 | D23: IRINEO NAVARRO SOFIA ESMERALDA | E23: 0 | F23: 0 | G23: 0 | H23: 0 | I23: 0 | J23: 0 | K23: 0 | L23: 0 | M23: 0 | N23: 0 | O23: 0 | P23: 0 | Q23: 0 | R23: 0 | S23: 0 | T23: 0 | U23: 0 | V23: 0 | W23: =AVERAGE(E23:V23) -> 0
B24: 19 | C24: 1193 | D24: IVAÑEZ DURAN TADEO SALVADOR | E24: 0 | F24: 0 | G24: 0 | H24: 0 | I24: 0 | J24: 0 | K24: 0 | L24: 0 | M24: 0 | N24: 0 | O24: 0 | P24: 0 | Q24: 0 | R24: 0 | S24: 0 | T24: 0 | U24: 0 | V24: 0 | W24: =AVERAGE(E24:V24) -> 0
B25: 20 | C25: 1209 | D25: JAIME CAMBERO IAN CARLO | E25: 0 | F25: 0 | G25: 0 | H25: 0 | I25: 0 | J25: 0 | K25: 0 | L25: 0 | M25: 0 | N25: 0 | O25: 0 | P25: 0 | Q25: 0 | R25: 0 | S25: 0 | T25: 0 | U25: 0 | V25: 0 | W25: =AVERAGE(E25:V25) -> 0
B26: 21 | C26: 1153 | D26: JIMENEZ MORENO FÁTIMA JOHANA YAZMIN | E26: 0 | F26: 0 | G26: 0 | H26: 0 | I26: 0 | J26: 0 | K26: 0 | L26: 0 | M26: 0 | N26: 0 | O26: 0 | P26: 0 | Q26: 0 | R26: 0 | S26: 0 | T26: 0 | U26: 0 | V26: 0 | W26: =AVERAGE(E26:V26) -> 0
B27: 22 | C27: 1068 | D27: LÚA ALEXANDER YELENA ITZAYANA | E27: 0 | F27: 0 | G27: 0 | H27: 0 | I27: 0 | J27: 0 | K27: 0 | L27: 0 | M27: 0 | N27: 0 | O27: 0 | P27: 0 | Q27: 0 | R27: 0 | S27: 0 | T27: 0 | U27: 0 | V27: 0 | W27: =AVERAGE(E27:V27) -> 0
B28: 23 | C28: 1244 | D28: MARTÍNEZ RODRÍGUEZ DAYANA | E28: 0 | F28: 0 | G28: 0 | H28: 0 | I28: 0 | J28: 0 | K28: 0 | L28: 0 | M28: 0 | N28: 0 | O28: 0 | P28: 0 | Q28: 0 | R28: 0 | S28: 0 | T28: 0 | U28: 0 | V28: 0 | W28: =AVERAGE(E28:V28) -> 0
B29: 24 | C29: 719 | D29: MENDOZA GASPAR JULIAN | E29: 0 | F29: 0 | G29: 0 | H29: 0 | I29: 0 | J29: 0 | K29: 0 | L29: 0 | M29: 0 | N29: 0 | O29: 0 | P29: 0 | Q29: 0 | R29: 0 | S29: 0 | T29: 0 | U29: 0 | V29: 0 | W29: =AVERAGE(E29:V29) -> 0
B30: 25 | C30: 1259 | D30: PARAMO CASTRO MATEO | E30: 0 | F30: 0 | G30: 0 | H30: 0 | I30: 0 | J30: 0 | K30: 0 | L30: 0 | M30: 0 | N30: 0 | O30: 0 | P30: 0 | Q30: 0 | R30: 0 | S30: 0 | T30: 0 | U30: 0 | V30: 0 | W30: =AVERAGE(E30:V30) -> 0
... B36: 31 | C36: 1254 | D36: VERA GOMEZ SANTIAGO KARIM | E36: 0 | F36: 0 | G36: 0 | H36: 0 | I36: 0 | J36: 0 | K36: 0 | L36: 0 | M36: 0 | N36: 0 | O36: 0 | P36: 0 | Q36: 0 | R36: 0 | S36: 0 | T36: 0 | U36: 0 | V36: 0 | W36: =AVERAGE(E36:V36) -> 0

Sheet Incidencia  
A1: N7 SECUNDARIA 1°A | D1: Historia I | F1: Conducta
C2: Concepto | D2: Revisión del Libro P.P. - Lo que debe | E2: Revisión del Cuaderno-Lecciones no tomadas
A3: No. | B3: Matrícula | C3: Nombre del Alumno
A4: 1 | B4: 1261 | C4: Barbosa Leon Damian Alejandro | D4: debe 42 proyecto 10 | E4: Lecciones // Tareas
A5: 2 | B5: 1249 | C5: Barragan Canela Leonela Nicole | D5: debe 44 proyecto 6pp | E5: Lecciones // Tareas
A6: 3 | B6: 1130 | C6: Barrera Ortega Ximena Paola | E6: 30/30 Lecciones =10 // 14/14 Tareas =10
A7: 4 | B7: 605 | C7: Bernal Serrano Jessica Liliana | E7: 10/30 Lecciones = 3.3 // 2/14 Tareas = 1.4
A8: 5 | B8: 612 | C8: Castillo Lopez Carlos Gael | E8: 17/30 Lecciones = 5.6 // 9/14 Tareas= 6.4
A9: 6 | B9: 1159 | C9: Cárdenas Calá Antonella | E9: 29/30 Lecciones =9.6 // 14/14 Tareas = 10
A10: 7 | B10: 1233 | C10: Cruz Gama Mateo Emiliano | E10: 23/30 Lecciones =7.6 // 2/14 Tareas = 1.4
A11: 8 | B11: 1168 | C11: Cueva Rangel Oswaldo Eleazar | E11: Lecciones // Tareas
A12: 9 | B12: 1150 | C12: Dávalos Sánchez Francisco Tadeo | E12: 27/30 Lecciones = 9.0 //14/14 Tareas =10
A13: 10 | B13: 1184 | C13: Díaz Elizalde Sofía | D13: Debe 1 //0 | E13: Lecciones // Tareas
A14: 11 | B14: 1270 | C14: Espinoza Gonzalez Leonardo Daniel | E14: Lecciones // Tareas
A15: 12 | B15: 1199 | C15: Fuentes Fernandez Maximo Dario | E15: 20/30 Lecciones = 6.6 // 14/14 Tareas = 10
A16: 13 | B16: PPRIM242550 | C16: Gonzalez Parra Amanda Rhomina | D16: 87*100/96 = 9.0 Debe 9 Lecciones // Proyecto 10 | E16: 19/30 Lecciones = 6.3 // 14/14 Tareas = 10
A17: 14 | B17: 1246 | C17: Gonzalez Soto Adiel Emiliano | E17: 19/30 Lecciones = 6.3 // 14/14 Tareas = 10
A18: 15 | B18: 1156 | C18: González de la Cerda Isaías Daniel | E18: Lecciones // Tareas
A19: 16 | B19: 1187 | C19: Hernández Félix Neizan Jesús | E19: 23/30 Lecciones = 7.6 // 10/14 Tareas = 7.1
A20: 17 | B20: 1202 | C20: Hernández López Santiago Matías | E20: 24/30 Lecciones= 8.0 // 5/14 Tareas= 3.5
A21: 18 | B21: 1147 | C21: Irineo Navarro Sofia Esmeralda | D21: 89 *100 / 96 = 9.2 Debe 7 Lecciones // Proyecto 10 | E21: 28/30 Lecciones = 9.3 //4/14 Tareas = 2.8
A22: 19 | B22: 1193 | C22: Ivañez Duran Tadeo Salvador | D22: 91*100/96= 9.4 Debe 5 Lecciones // Proyecto 10 | E22: Lecciones // Tareas
A23: 20 | B23: 1209 | C23: Jaime Cambero Ian Carlo | E23: 19/30 Lecciones = 6.3 // 9/14 Tareas = 6.4
A24: 21 | B24: 1153 | C24: Jimenez Moreno Fátima Johana Yazmin | E24: 24/30 Lecciones =80 // 5/14 Tareas= 3.5
A25: 22 | B25: 1068 | C25: Lúa Alexander Yelena Itzayana | D25: 83*100/96= 8.6 Debe 13 Lecciones // Proyecto 10 | E25: 19/30 Lecciones= 6.3 // 6/14 Tareas = 4.2
A26: 23 | B26: 1244 | C26: Martínez Rodríguez Dayana | E26: Lecciones // Tareas
A27: 24 | B27: 719 | C27: Mendoza Gaspar Julian | E27: 13//30 Lecciones=4.3 // 2/14 Tareas=1.4
A28: 25 | B28: 1259 | C28: Paramo Castro Mateo | E28: 30/30 Lecciones =10 // 14/14 Tareas=10
A29: 26 | B29: 1267 | C29: Ponce Ramirez Alexandra Dannaé | E29: Lecciones // Tareas
A30: 27 | B30: 1206 | C30: Solares Moreno Ximena Anahi | E30: Lecciones // Tareas
A31: 28 | B31: 1144 | C31: Solorzano Alvarado Santiago Gabriel | E31: Lecciones // Tareas
A32: 29 | B32: 1137 | C32: Soto Ayala Christian Gabriel | D32: No tiene libro | E32: 7/30 Lecciones = 2.3 // 5/14Tareas=3.5
A33: 30 | B33: 1216 | C33: Soto Lobo Andrea | E33: 24/30 Lecciones = 8.0 // 14/14 Tareas= 10
A34: 31 | B34: 1254 | C34: Vera Gomez Santiago Karim | E34: 21/30 Lecciones =7.0 // 12/14 Tareas = 8.5
