Workbook

Sheet Calificaciones
B2: N8 SECUNDARIA 2°A | E2: Historia II
D3: Concepto a Calificar | E3: Examen 1 | F3: Examen 2 | G3: Examen Trimestral | H3: Disciplina | I3: Tareas | J3: Registro Diario | K3: Proyecto | L3: Promedio | M3: Comentario de Apoyo Requerido
D4: Porcentaje | E4: 0.09 | F4: 0.09 | G4: 0.25 | H4: 0.07 | I4: 0.2 | J4: 0.2 | K4: 0.1
B5: No. | C5: Matrícula | D5: Nombre del Alumno
B6: 1 | C6: 1045 | D6: Arias Rojas Byron Osmar | E6: 9 | F6: 8 | G6: 0 | H6: 3 | I6: =Tareas!AE6 -> 0.95238095 | J6: 0 | K6: 0 | L6: =E6*0.09+F6*0.09+G8*0.25+H6*0.07+I6*0.2+J6*0.2+K6*0.1 -> 1.9304762
B7: 2 | C7: 1060 | D7: Arreola Ibarra Iker Santiago | E7: 7 | F7: 8 | G7: 0 | H7: 6 | I7: =Tareas!AE7 -> 3.8095238 | J7: =#REF!*0.5+Cuaderno!AE7*0.5 -> #REF! | K7: 0 | L7: =E7*0.09+F7*0.09+G7*0.25+H7*0.07+I7*0.2+J7*0.2+K7*0.1 -> #REF!
B8: 3 | C8: 1108 | D8: Blanco Mondragon Estela Mariel | E8: 8 | F8: 10 | G8: 0 | H8: 9 | I8: =Tareas!AE8 -> 1.9047619 | J8: =#REF!*0.5+Cuaderno!AE8*0.5 -> #REF! | K8: 0 | L8: =E8*0.09+F8*0.09+G8*0.25+H8*0.07+I8*0.2+J8*0.2+K8*0.1 -> #REF!
B9: 4 | C9: 876 | D9: Camejo de la Torre Rebeca Abigail | E9: 10 | F9: 8.7 | G9: 0 | H9: 10 | I9: =Tareas!AE9 -> 2.3809524 | J9: =#REF!*0.5+Cuaderno!AE9*0.5 -> #REF! | K9: 0 | L9: =E9*0.09+F9*0.09+G9*0.25+H9*0.07+I9*0.2+J9*0.2+K9*0.1 -> #REF!
B10: 5 | C10: 639 | D10: Cano Monge Jesus Aaron | E10: 10 | F10: 10 | G10: 0 | H10: 10 | I10: =Tareas!AE10 -> 2.8571429 | J10: =#REF!*0.5+Cuaderno!AE10*0.5 -> #REF! | K10: 0 | L10: =E10*0.09+F10*0.09+G10*0.25+H10*0.07+I10*0.2+J10*0.2+K10*0.1 -> #REF!
B11: 6 | C11: 1224 | D11: Castro Vergara Maia Sofía | E11: 8 | F11: 4.7 | G11: 0 | H11: 8 | I11: =Tareas!AE11 -> 0.95238095 | J11: =#REF!*0.5+Cuaderno!AE11*0.5 -> #REF! | K11: 0 | L11: =E11*0.09+F11*0.09+G11*0.25+H11*0.07+I11*0.2+J11*0.2+K11*0.1 -> #REF!
B12: 7 | C12: 1069 | D12: Del Valle Rodriguez Dante Karim | E12: 9 | F12: 10 | G12: 0 | H12: 0 | I12: =Tareas!AE12 -> 4.7619048 | J12: =#REF!*0.5+Cuaderno!AE12*0.5 -> #REF! | K12: 0 | L12: =E12*0.09+F12*0.09+G12*0.25+H12*0.07+I12*0.2+J12*0.2+K12*0.1 -> #REF!
B13: 8 | C13: 1003 | D13: Franco Cervantes Valeria | E13: 10 | F13: 6 | G13: 0 | H13: 9 | I13: =Tareas!AE13 -> 2.3809524 | J13: =#REF!*0.5+Cuaderno!AE13*0.5 -> #REF! | K13: 0 | L13: =E13*0.09+F13*0.09+G13*0.25+H13*0.07+I13*0.2+J13*0.2+K13*0.1 -> #REF!
B14: 9 | C14: 698 | D14: Garcia Garcia Daxel Alejandro | E14: 9 | F14: 0 | G14: 0 | H14: 8 | I14: =Tareas!AE14 -> 0.95238095 | J14: =#REF!*0.5+Cuaderno!AE14*0.5 -> #REF! | K14: 0 | L14: =E14*0.09+F14*0.09+G14*0.25+H14*0.07+I14*0.2+J14*0.2+K14*0.1 -> #REF!
B15: 10 | C15: 1004 | D15: Gomez Torres Ethan Mateo | E15: 8 | F15: 8 | G15: 0 | H15: 3 | I15: =Tareas!AE15 -> 0.95238095 | J15: =#REF!*0.5+Cuaderno!AE15*0.5 -> #REF! | K15: 0 | L15: =E15*0.09+F15*0.09+G15*0.25+H15*0.07+I15*0.2+J15*0.2+K15*0.1 -> #REF!
B16: 11 | C16: 1214 | D16: Gonzalez Martinez Daniela Nicole | E16: 7 | F16: 6.7 | G16: 0 | H16: 8 | I16: =Tareas!AE16 -> 1.4285714 | J16: =#REF!*0.5+Cuaderno!AE16*0.5 -> #REF! | K16: 0 | L16: =E16*0.09+F16*0.09+G16*0.25+H16*0.07+I16*0.2+J16*0.2+K16*0.1 -> #REF!
B17: 12 | C17: 1083 | D17: Lopez Navarro Mia Sophia | E17: 9 | F17: 9.7 | G17: 0 | H17: 9 | I17: =Tareas!AE17 -> 1.9047619 | J17: =#REF!*0.5+Cuaderno!AE17*0.5 -> #REF! | K17: 0 | L17: =E17*0.09+F17*0.09+G17*0.25+H17*0.07+I17*0.2+J17*0.2+K17*0.1 -> #REF!
B18: 13 | C18: 1006 | D18: Maldonado Hernandez Joel | E18: 4 | F18: 9.3 | G18: 0 | H18: 6 | I18: =Tareas!AE18 -> 1.4285714 | J18: =#REF!*0.5+Cuaderno!AE18*0.5 -> #REF! | K18: 0 | L18: =E18*0.09+F18*0.09+G18*0.25+H18*0.07+I18*0.2+J18*0.2+K18*0.1 -> #REF!
... B29: 24 | C29: 1221 | D29: Zavala Cortés Madeline | E29: 10 | F29: 6.7 | G29: 0 | H29: 7 | I29: =Tareas!AE29 -> 3.8095238 | J29: =#REF!*0.5+Cuaderno!AE29*0.5 -> #REF! | K29: 0 | L29: =E29*0.09+F29*0.09+G29*0.25+H29*0.07+I29*0.2+J29*0.2+K29*0.1 -> #REF!
B30: TOTAL | E30: =AVERAGE(E6:E29) -> 7.4583333 | F30: =AVERAGE(F6:F29) -> 7.4333333 | G30: =AVERAGE(G6:G29) -> 0 | H30: =AVERAGE(H6:H29) -> 6.7916667 | I30: =AVERAGE(I6:I29) -> 1.9246032 | J30: =AVERAGE(J6:J29) -> #REF! | K30: =AVERAGE(K6:K29) -> 0 | L30: =AVERAGE(L6:L29) -> #REF!

Sheet Tareas
B2: N8 SECUNDARIA 2°A | E2: Historia II
D3: Tarea | E3: Diferencias entre europeos e indígenas | F3: ¿Qué es una bula papal? | G3: ¿Qué piensas de la conquista de México? | H3: Rutas que realzó Cristobal Colón | I3: 10 especias esenciales en la gastronomía actual | J3: Biografía de Fernando de Aragón e Isabel de Castilla | K3: Mapa conceptual de la vida indígena | L3: Traer cartulina, colores y plumones | M3: Opinión sobre culturas mesoamericanas | N3: Investigación sobre la religón Mexica | O3: Guerreros jaguar y águila | P3: Vida del Emperador Moctezuma | Q3: Maqueta de la cultura Mexica | R3: ¿Qué es una epidemia? | S3: Vida de la Malinche | T3: Rutas comerciales de los europeos | U3: Biografía de Cristobal Colón | V3: Mapa zonas mineras en la Nueva España | W3: Biografía Virrey Antonio de Mendoza | X3: ¿Qué es la numismática? | Y3: Relato trabajador Indigena Libro 1 pág. 46 | Z3: Regularización de actividades | AA3: Lección 27. La Independencia de México | AB3: Lección 28. El Primer Imperio Mexicano | AC3: Lección 29. Independencia de Texas | AD3: Lección 30. Conociendo a Santa Anna
E4: 1 | F4: 2 | G4: 3 | H4: 4 | I4: 5 | J4: 6 | K4: 7 | L4: 8 | M4: 9 | N4: 10 | O4: 11 | P4: 12 | Q4: 13 | R4: 14 | S4: 15 | T4: 16 | U4: 17 | V4: 18 | W4: 19 | X4: 20 | Y4: 21 | Z4: 22 | AA4: 23 | AB4: 24 | AC4: 25 | AD4: 26 | AE4: Promedio
B5: No. | C5: Matrícula | D5: Nombre del Alumno
B6: 1 | C6: 1045 | D6: Arias Rojas Byron Osmar | E6: 0 | F6: 0 | G6: 0 | H6: 0 | I6: 0 | J6: 0 | K6: 0 | L6: 10 | M6: 0 | N6: 0 | O6: 0 | P6: 0 | Q6: 10 | R6: 0 | S6: 0 | T6: 0 | U6: 0 | V6: 0 | W6: 0 | X6: 0 | Y6: 0 | AE6: =AVERAGE(E6:AD6) -> 0.95238095
B7: 2 | C7: 1060 | D7: Arreola Ibarra Iker Santiago | E7: 0 | F7: 10 | G7: 0 | H7: 0 | I7: 0 | J7: 0 | K7: 0 | L7: 10 | M7: 0 | N7: 10 | O7: 10 | P7: 10 | Q7: 10 | R7: 0 | S7: 10 | T7: 0 | U7: 0 | V7: 0 | W7: 0 | X7: 10 | Y7: 0 | AE7: =AVERAGE(E7:AD7) -> 3.8095238
B8: 3 | C8: 1108 | D8: Blanco Mondragon Estela Mariel | E8: 0 | F8: 0 | G8: 10 | H8: 0 | I8: 0 | J8: 0 | K8: 10 | L8: 10 | M8: 0 | N8: 0 | O8: 0 | P8: 0 | Q8: 10 | R8: 0 | S8: 0 | T8: 0 | U8: 0 | V8: 0 | W8: 0 | X8: 0 | Y8: 0 | AE8: =AVERAGE(E8:AD8) -> 1.9047619
B9: 4 | C9: 876 | D9: Camejo de la Torre Rebeca Abigail | E9: 10 | F9: 0 | G9: 0 | H9: 0 | I9: 0 | J9: 0 | K9: 0 | L9: 10 | M9: 0 | N9: 0 | O9: 0 | P9: 0 | Q9: 10 | R9: 0 | S9: 0 | T9: 0 | U9: 0 | V9: 10 | W9: 0 | X9: 0 | Y9: 10 | AE9: =AVERAGE(E9:AD9) -> 2.3809524
B10: 5 | C10: 639 | D10: Cano Monge Jesus Aaron | E10: 0 | F10: 0 | G10: 10 | H10: 0 | I10: 0 | J10: 0 | K10: 0 | L10: 10 | M10: 10 | N10: 0 | O10: 0 | P10: 0 | Q10: 10 | R10: 10 | S10: 0 | T10: 0 | U10: 0 | V10: 0 | W10: 0 | X10: 0 | Y10: 10 | AE10: =AVERAGE(E10:AD10) -> 2.8571429
B11: 6 | C11: 1224 | D11: Castro Vergara Maia Sofía | E11: 0 | F11: 0 | G11: 0 | H11: 0 | I11: 0 | J11: 0 | K11: 0 | L11: 10 | M11: 0 | N11: 0 | O11: 0 | P11: 0 | Q11: 10 | R11: 0 | S11: 0 | T11: 0 | U11: 0 | V11: 0 | W11: 0 | X11: 0 | Y11: 0 | AE11: =AVERAGE(E11:AD11) -> 0.95238095
B12: 7 | C12: 1069 | D12: Del Valle Rodriguez Dante Karim | E12: 0 | F12: 10 | G12: 0 | H12: 0 | I12: 0 | J12: 0 | K12: 10 | L12: 10 | M12: 0 | N12: 10 | O12: 10 | P12: 10 | Q12: 10 | R12: 10 | S12: 0 | T12: 0 | U12: 0 | V12: 0 | W12: 0 | X12: 10 | Y12: 10 | AE12: =AVERAGE(E12:AD12) -> 4.7619048
B13: 8 | C13: 1003 | D13: Franco Cervantes Valeria | E13: 0 | F13: 0 | G13: 10 | H13: 0 | I13: 0 | J13: 0 | K13: 0 | L13: 10 | M13: 0 | N13: 0 | O13: 0 | P13: 0 | Q13: 10 | R13: 0 | S13: 0 | T13: 0 | U13: 0 | V13: 10 | W13: 0 | X13: 0 | Y13: 10 | AE13: =AVERAGE(E13:AD13) -> 2.3809524
B14: 9 | C14: 698 | D14: Garcia Garcia Daxel Alejandro | E14: 0 | F14: 0 | G14: 0 | H14: 0 | I14: 0 | J14: 0 | K14: 0 | L14: 10 | M14: 0 | N14: 0 | O14: 0 | P14: 0 | Q14: 10 | R14: 0 | S14: 0 | T14: 0 | U14: 0 | V14: 0 | W14: 0 | X14: 0 | Y14: 0 | AE14: =AVERAGE(E14:AD14) -> 0.95238095
B15: 10 | C15: 1004 | D15: Gomez Torres Ethan Mateo | E15: 0 | F15: 0 | G15: 0 | H15: 0 | I15: 0 | J15: 0 | K15: 0 | L15: 10 | M15: 0 | N15: 0 | O15: 0 | P15: 0 | Q15: 10 | R15: 0 | S15: 0 | T15: 0 | U15: 0 | V15: 0 | W15: 0 | X15: 0 | Y15: 0 | AE15: =AVERAGE(E15:AD15) -> 0.95238095
B16: 11 | C16: 1214 | D16: Gonzalez Martinez Daniela Nicole | E16: 0 | F16: 0 | G16: 0 | H16: 0 | I16: 0 | J16: 0 | K16: 0 | L16: 10 | M16: 0 | N16: 0 | O16: 0 | P16: 0 | Q16: 10 | R16: 0 | S16: 0 | T16: 0 | U16: 0 | V16: 0 | W16: 0 | X16: 0 | Y16: 10 | AE16: =AVERAGE(E16:AD16) -> 1.4285714
B17: 12 | C17: 1083 | D17: Lopez Navarro Mia Sophia | E17: 0 | F17: 0 | G17: 0 | H17: 0 | I17: 0 | J17: 0 | K17: 0 | L17: 10 | M17: 10 | N17: 0 | O17: 0 | P17: 0 | Q17: 10 | R17: 0 | S17: 0 | T17: 0 | U17: 0 | V17: 0 | W17: 0 | X17: 0 | Y17: 10 | AE17: =AVERAGE(E17:AD17) -> 1.9047619
... B29: 24 | C29: 1221 | D29: Zavala Cortés Madeline | E29: 0 | F29: 10 | G29: 0 | H29: 0 | I29: 0 | J29: 0 | K29: 0 | L29: 10 | M29: 0 | N29: 0 | O29: 0 | P29: 10 | Q29: 10 | R29: 10 | S29: 10 | T29: 0 | U29: 0 | V29: 0 | W29: 10 | X29: 10 | Y29: 0 | AE29: =AVERAGE(E29:AD29) -> 3.8095238

Sheet Cuaderno
B2: N8 SECUNDARIA 2°A
D3: Cuaderno | E3: Examen Diagnóstico | F3: Rutas Comerciales | G3: Colonización | H3: Tratado de tardecillas | I3: Desiguladad y justicia social | J3: La conquista | K3: La triple alianza | L3: Sacrificios Humanos | M3: Religión Mexicana | N3: Gastronomía Indigena | O3: Las epidemias de Mesoamerica | P3: ¿Qué hubiera pasado? | Q3: Recapitulación | R3: El virreinato de la Nueva España | S3: Sistema de Castas de la Nueva España | T3: Encuentro de América y Europa | U3: Zonas mineras e impuestos | V3: Virreinato de la Nueva España | W3: Racismo y Colonialismo | X3: Esclavitud en la época colonial | Y3: Conmemoración de la Revolución Mexicana | Z3: La Independiencia de la Nueva España | AA3: Resistencia y Consumación | AB3: Martes 4/11/2025 | AC3: Miércoles 5/11/2025 | AD3: Lunes10/11/2025 | AE3: Promedio
D4: Actividad | E4: 1 | F4: 2 | G4: 3 | H4: 4 | I4: 5 | J4: 7 | K4: 8 | L4: 9 | M4: 10 | N4: 11 | O4: 12 | P4: 13 | Q4: 14 | R4: 15 | S4: 16 | T4: 17 | U4: 18 | V4: 19 | W4: 20 | X4: 21 | Y4: 22 | Z4: 23 | AA4: 24
B5: No. | C5: Matrícula | D5: Nombre del Alumno
B6: 1 | C6: 1045 | D6: Arias Rojas Byron Osmar | E6: 0 | F6: 0 | G6: 0 | H6: 0 | I6: 0 | J6: 0 | K6: 0 | L6: 6 | M6: 0 | N6: 0 | O6: 8 | P6: 0 | Q6: 10 | R6: 8 | S6: 6 | T6: 0 | U6: 10 | V6: 10 | W6: 10 | X6: 10 | Y6: 7 | Z6: 10 | AA6: 10 | AE6: =AVERAGE(E6:AD6) -> 4.5652174 | AF6: 8.5 | AG6: =(AE6+AF6)/2 -> 6.5326087
B7: 2 | C7: 1060 | D7: Arreola Ibarra Iker Santiago | E7: 10 | F7: 7 | G7: 10 | H7: 9 | I7: 0 | J7: 7 | K7: 0 | L7: 10 | M7: 10 | N7: 10 | O7: 10 | P7: 10 | Q7: 10 | R7: 10 | S7: 10 | T7: 10 | U7: 10 | V7: 10 | W7: 7 | X7: 0 | Y7: 10 | Z7: 0 | AA7: 10 | AE7: =AVERAGE(E7:AD7) -> 7.826087 | AF7: 8.3 | AG7: =(AE7+AF7)/2 -> 8.0630435
B8: 3 | C8: 1108 | D8: Blanco Mondragon Estela Mariel | E8: 10 | F8: 10 | G8: 10 | H8: 10 | I8: 0 | J8: 10 | K8: 10 | L8: 10 | M8: 10 | N8: 10 | O8: 10 | P8: 10 | Q8: 10 | R8: 0 | S8: 10 | T8: 10 | U8: 10 | V8: 0 | W8: 10 | X8: 0 | Y8: 10 | Z8: 10 | AA8: 0 | AE8: =AVERAGE(E8:AD8) -> 7.826087 | AF8: 10 | AG8: =(AE8+AF8)/2 -> 8.9130435
B9: 4 | C9: 876 | D9: Camejo de la Torre Rebeca Abigail | E9: 10 | F9: 10 | G9: 10 | H9: 10 | I9: 10 | J9: 0 | K9: 0 | L9: 10 | M9: 10 | N9: 10 | O9: 10 | P9: 8 | Q9: 10 | R9: 10 | S9: 10 | T9: 10 | U9: 10 | V9: 10 | W9: 10 | X9: 10 | Y9: 10 | Z9: 10 | AA9: 10 | AE9: =AVERAGE(E9:AD9) -> 9.0434783 | AF9: 10 | AG9: =(AE9+AF9)/2 -> 9.5217391
B10: 5 | C10: 639 | D10: Cano Monge Jesus Aaron | E10: 10 | F10: 10 | G10: 10 | H10: 10 | I10: 10 | J10: 10 | K10: 10 | L10: 10 | M10: 10 | N10: 10 | O10: 10 | P10: 10 | Q10: 10 | R10: 10 | S10: 10 | T10: 10 | U10: 10 | V10: 10 | W10: 10 | X10: 10 | Y10: 10 | Z10: 10 | AA10: 10 | AE10: =AVERAGE(E10:AD10) -> 10 | AF10: 10 | AG10: =(AE10+AF10)/2 -> 10
B11: 6 | C11: 1224 | D11: Castro Vergara Maia Sofía | E11: 10 | F11: 0 | G11: 10 | H11: 0 | I11: 0 | J11: 10 | K11: 0 | L11: 10 | M11: 10 | N11: 10 | O11: 10 | P11: 10 | Q11: 10 | R11: 10 | S11: 5 | T11: 10 | U11: 10 | V11: 10 | W11: 8 | X11: 10 | Y11: 10 | Z11: 9 | AA11: 10 | AE11: =AVERAGE(E11:AD11) -> 7.9130435 | AF11: 6.2 | AG11: =(AE11+AF11)/2 -> 7.0565217
B12: 7 | C12: 1069 | D12: Del Valle Rodriguez Dante Karim | E12: 0 | F12: 0 | G12: 10 | H12: 0 | I12: 0 | J12: 0 | K12: 0 | L12: 0 | M12: 0 | N12: 10 | O12: 10 | P12: 9 | Q12: 10 | R12: 10 | S12: 0 | T12: 0 | U12: 8 | V12: 10 | W12: 0 | X12: 0 | Y12: 7 | Z12: 8 | AA12: 7 | AE12: =AVERAGE(E12:AD12) -> 4.3043478 | AF12: 6.2 | AG12: =(AE12+AF12)/2 -> 5.2521739
B13: 8 | C13: 1003 | D13: Franco Cervantes Valeria | E13: 10 | F13: 10 | G13: 10 | H13: 10 | I13: 10 | J13: 10 | K13: 0 | L13: 10 | M13: 10 | N13: 10 | O13: 10 | P13: 10 | Q13: 10 | R13: 10 | S13: 10 | T13: 10 | U13: 10 | V13: 10 | W13: 10 | X13: 10 | Y13: 10 | Z13: 10 | AA13: 10 | AE13: =AVERAGE(E13:AD13) -> 9.5652174 | AF13: 6.3 | AG13: =(AE13+AF13)/2 -> 7.9326087
B14: 9 | C14: 698 | D14: Garcia Garcia Daxel Alejandro | E14: 0 | F14: 0 | G14: 0 | H14: 0 | I14: 0 | J14: 0 | K14: 0 | L14: 0 | M14: 0 | N14: 0 | O14: 0 | P14: 0 | Q14: 0 | R14: 0 | S14: 0 | T14: 0 | U14: 0 | V14: 0 | W14: 0 | X14: 0 | Y14: 0 | Z14: 0 | AA14: 0 | AE14: =AVERAGE(E14:AD14) -> 0 | AF14: 10 | AG14: =(AE14+AF14)/2 -> 5
B15: 10 | C15: 1004 | D15: Gomez Torres Ethan Mateo | E15: 10 | F15: 0 | G15: 10 | H15: 10 | I15: 10 | J15: 8 | K15: 0 | L15: 0 | M15: 10 | N15: 10 | O15: 10 | P15: 5 | Q15: 10 | R15: 10 | S15: 9 | T15: 10 | U15: 8 | V15: 10 | W15: 5 | X15: 8 | Y15: 8 | Z15: 0 | AA15: 10 | AE15: =AVERAGE(E15:AD15) -> 7.4347826 | AF15: 6.1 | AG15: =(AE15+AF15)/2 -> 6.7673913
B16: 11 | C16: 1214 | D16: Gonzalez Martinez Daniela Nicole | E16: 10 | F16: 10 | G16: 10 | H16: 0 | I16: 10 | J16: 10 | K16: 0 | L16: 10 | M16: 0 | N16: 0 | O16: 10 | P16: 10 | Q16: 10 | R16: 10 | S16: 10 | T16: 10 | U16: 10 | V16: 10 | W16: 10 | X16: 0 | Y16: 9 | Z16: 0 | AA16: 10 | AE16: =AVERAGE(E16:AD16) -> 7.3478261 | AF16: 6.8 | AG16: =(AE16+AF16)/2 -> 7.073913
B17: 12 | C17: 1083 | D17: Lopez Navarro Mia Sophia | E17: 0 | F17: 0 | G17: 0 | H17: 0 | I17: 0 | J17: 0 | K17: 0 | L17: 0 | M17: 10 | N17: 10 | O17: 10 | P17: 8 | Q17: 10 | R17: 0 | S17: 10 | T17: 10 | U17: 10 | V17: 0 | W17: 10 | X17: 10 | Y17: 10 | Z17: 10 | AA17: 10 | AE17: =AVERAGE(E17:AD17) -> 5.5652174 | AF17: 8.9 | AG17: =(AE17+AF17)/2 -> 7.2326087
... B29: 24 | C29: 1221 | D29: Zavala Cortés Madeline | E29: 10 | F29: 0 | G29: 10 | H29: 10 | I29: 10 | J29: 9 | K29: 10 | L29: 10 | M29: 5 | N29: 10 | O29: 10 | P29: 8 | Q29: 10 | R29: 10 | S29: 0 | T29: 0 | U29: 10 | V29: 10 | W29: 0 | X29: 0 | Y29: 10 | Z29: 10 | AA29: 10 | AE29: =AVERAGE(E29:AD29) -> 7.4782609 | AF29: 8.3 | AG29: =(AE29+AF29)/2 -> 7.8891304

Sheet Incidencias
B2: N8 SECUNDARIA 2°A | E2: Historia II
E3: Revisión del Libro | F3: Revisión del Cuaderno
B4: No. | C4: Matrícula | D4: Nombre del Alumno
B5: 1 | C5: 1045 | D5: Arias Rojas Byron Osmar | E5: Libro pp. 20, 24, 25, 26, 27, 28, 31, 32, 33, 34, 46, 51, 56, 64 | F5: Lec. 1, 2, 3, 4, 5, 6, 7, 8, 9, 10, 13
B6: 2 | C6: 1060 | D6: Arreola Ibarra Iker Santiago | E6: Libro pp. 20, 21, 23, 24, 27, 31, 39, 40, 41, 46, 47, 48, 52, 53, 54, 55 | F6: Lec. 4, 6, 17, 19
B7: 3 | C7: 1108 | D7: Blanco Mondragon Estela Mariel | E7: Libro pp. 51, 54,63,64,65 //80 1punto
B8: 4 | C8: 876 | D8: Camejo de la Torre Rebeca Abigail | E8: Libro pp. | F8: Act. 3, 5, 6
B9: 5 | C9: 639 | D9: Cano Monge Jesus Aaron | E9: Libro pp. | F9: Act. | G9: 36 | H9: 95 | I9: =H9-G9 -> 59 | J9: =I9/H9*100 -> 62.105263
B10: 6 | C10: 1224 | D10: Castro Vergara Maia Sofía | E10: Libro pp. 12, 13, 14, 15, 16, 17, 18, 19, 20, 21, 22, 23, 24, 25, 26, 27, 28, 29, 30, 31, 32, 33, 39, 40, 41, 45, 46, 48, 51, 56, 57, 58, 59, 60, 61, 62 | F10: Act. 1, 3, 4 y 6 | G10: 36 | H10: 95 | I10: =H10-G10 -> 59 | J10: =I10/H10*100 -> 62.105263
B11: 7 | C11: 1069 | D11: Del Valle Rodriguez Dante Karim | E11: Libro pp. 15, 16, 18, 19, 20, 21, 22, 23, 24, 26, 27, 28, 29, 30, 31, 32, 33, 34, 47, 48, 49, 50, 51, 52, 54, 55, 56, 57, 58, 59, 60, 61, 62, 63, 64 | G11: 35 | H11: 95 | I11: =H11-G11 -> 60 | J11: =I11/H11*100 -> 63.157895
B12: 8 | C12: 1003 | D12: Franco Cervantes Valeria | E12: Libro pp. 20, 24, 28, 31, 32, 33, 34, 48, 50, 51 //1 punto | F12: Act. 6 | H12: 95 | I12: =H12-G12 -> 95 | J12: =I12/H12*100 -> 100
B13: 9 | C13: 698 | D13: Garcia Garcia Daxel Alejandro | E13: Libro pp. 10, 11, 12, 13, 14, 15, 16, 17, 18, 19, 20, 21, 22, 23, 24, 30, 31, 32, 33, 34, 35, 36, 37, 38, 45, 46, 47, 48, 49, 50, 51, 63, 64, 65, 66, 67, 69 | G13: 37 | H13: 95 | I13: =H13-G13 -> 58 | J13: =I13/H13*100 -> 61.052632
B14: 10 | C14: 1004 | D14: Gomez Torres Ethan Mateo | E14: Libro pp. 16, 17, 18, 19, 20, 21, 22, 23, 24, 25, 26, 27, 28, 31, 32, 33, 34, 46, 48, 50, 53, 54, 55, 56, 57, 58, 59, 60, 61, 62 | G14: 30 | H14: 95 | I14: =H14-G14 -> 65 | J14: =I14/H14*100 -> 68.421053
B15: 11 | C15: 1214 | D15: Gonzalez Martinez Daniela Nicole | E15: Libro pp. 18, 30, 31, 49, 50, 51, 52, 53, 54, 55 | F15: Act. 3, 6, 8, 9, 17, 19 | G15: 10 | H15: 95 | I15: =H15-G15 -> 85 | J15: =I15/H15*100 -> 89.473684
B16: 12 | C16: 1083 | D16: Lopez Navarro Mia Sophia | E16: Libro pp. | H16: 95 | I16: =H16-G16 -> 95 | J16: =I16/H16*100 -> 100
B17: 13 | C17: 1006 | D17: Maldonado Hernandez Joel | E17: Libro pp. 13, 14, 15, 16, 17, 18, 19, 20, 21, 22, 23, 24, 25, 26, 27, 28, 30, 31, 32, 33, 34, 35, 36, 37, 38, 39, 40, 41, 52, 53, 54, 55, 56, 57, 58, 59, 60, 61. 63 | H17: 95 | I17: =H17-G17 -> 95 | J17: =I17/H17*100 -> 100
B18: 14 | C18: 991 | D18: Mejia Gomez Paulina Isabel | E18: Libro pp. 19, 20, 21, 31, 32, 33, 34, 35, 46, 49, 50, 51 | F18: Act. 17 | G18: 39 | H18: 95 | I18: =H18-G18 -> 56 | J18: =I18/H18*100 -> 58.947368
B19: 15 | C19: 1006 | D19: Olivares Oceguera Santiago Nahum | E19: Libro pp. 13, 14, 15, 18, 19, 20, 21, 23, 24, 26, 28, 29, 30, 31, 32, 33, 39, 40, 41, 43, 44, 45, 46, 47, 48, 49, 50 - 72 | G19: 48 | H19: 95 | I19: =H19-G19 -> 47 | J19: =I19/H19*100 -> 49.473684
B20: 16 | C20: 1035 | D20: Patiño Carreño Julio Felipe | E20: Libro pp. 18, 19, 20, 21, 22, 23, 24, 25, 26, 27, 28, 29, 30, 31, 32, 33, 34, 35, 39, 40, 41, 46, 48, 50, 51, 52, 53, 54, 55, 56, 58, 63, 64, 65, 66, 67, 68, 69, 70, 71,72 | G20: 39 | H20: 95 | I20: =H20-G20 -> 56 | J20: =I20/H20*100 -> 58.947368
B21: 17 | C21: 1088 | D21: Ramirez Garcia Johari Valentina | E21: Libro pp. 31 //1p | F21: Act. 1, 13, 18 | H21: 95 | I21: =H21-G21 -> 95 | J21: =I21/H21*100 -> 100
B22: 18 | C22: 1016 | D22: Rico Bravo Matias Eduardo | E22: Libro pp. 16, 18, 19, 24, 31, 39, 46, 48, 49, 50, 63, 64 | G22: 11 | H22: 95 | I22: =H22-G22 -> 84 | J22: =I22/H22*100 -> 88.421053
B23: 19 | C23: 1062 | D23: Sanchez Robles Santiago Daniel | E23: Libro pp. 29, 30, 31, 32, 33, 34, 36, 37, 38, 49, 50, 51, 52 | F23: Act. 1, 3, 4, 6, 8, 10, 12, 13, 14, 17, 19, 20 | G23: 13 | H23: 95 | I23: =H23-G23 -> 82 | J23: =I23/H23*100 -> 86.315789
B24: 20 | C24: 1029 | D24: Sandoval Castañeda Nathalia Nohemi | E24: Libro pp. 32,33,34,50,51,54,55,58,63,65,67,68,69,72,73 | G24: 15 | H24: 95 | I24: =H24-G24 -> 80 | J24: =I24/H24*100 -> 84.210526
B25: 21 | C25: 994 | D25: Velazquez Jasso Santiago | E25: Libro pp. 34, 51 | F25: Act. 8, 10 | H25: 95 | I25: =H25-G25 -> 95 | J25: =I25/H25*100 -> 100
B26: 22 | C26: 799 | D26: Yañez Delgadillo Cyan | E26: Libro pp. 14, 15, 16, 17, 18, 19, 20, 21, 22, 23, 24, 25, 26, 27, 28, 29, 30, 31, 32, 33, 34, 46, 47, 48, 51, 52, 53, 54, 55, 56, 57, 58, 59, 60, 61, 62 | G26: 32 | H26: 95 | I26: =H26-G26 -> 63 | J26: =I26/H26*100 -> 66.315789
B27: 23 | C27: 1091 | D27: Zambrano Chacon Dayron Jesus | E27: Libro pp. | F27: Act. 8, 16, 19 | H27: 95 | I27: =H27-G27 -> 95 | J27: =I27/H27*100 -> 100
B28: 24 | C28: 1221 | D28: Zavala Cortés Madeline | E28: Libro pp. 16, 18, 28, 31, 39, 40, 41, 46, 48, 49, 51, 52, 53, 54, 55, 56 | G28: 16 | H28: 95 | I28: =H28-G28 -> 79 | J28: =I28/H28*100 -> 83.157895
