Workbook

Sheet Calificaciones
B2: N9 SECUNDARIA 3°A | E2: Historia
D3: Concepto a Calificar | E3: Examen 1 | F3: Examen 2 | G3: Examen Trimestral | H3: Disciplina | I3: Tareas | J3: Registro Diario | K3: Proyecto | L3: Promedio | M3: Comentario de Apoyo Requerido
D4: Porcentaje | E4: 0.09 | F4: 0.09 | G4: 0.25 | H4: 0.07 | I4: 0.2 | J4: 0.2 | K4: 0.1
B5: No. | C5: Matrícula | D5: Nombre del Alumno
B6: 1 | C6: 1045 | D6: Abarca Sanchez Gabriel Alejandro | E6: 0 | F6: 10 | G6: 0 | H6: 0 | I6: =Tareas!Y6 -> 0 | J6: =Libro!AD6*0.5 -> 4.7840909 | K6: 0 | L6: =E6*0.09+F6*0.09+G8*0.25+H6*0.07+I6*0.2+J6*0.2+K6*0.1 -> 1.8568182
B7: 2 | C7: 1060 | D7: Almanza Rocha Alessandra Samantha | E7: 6 | F7: 9.3 | G7: 0 | H7: 0 | I7: =Tareas!Y7 -> 8.9473684 | J7: =Libro!AD7*0.5 -> 4.7272727 | K7: 0 | L7: =E7*0.09+F7*0.09+G7*0.25+H7*0.07+I7*0.2+J7*0.2+K7*0.1 -> 4.1119282
B8: 3 | C8: 1108 | D8: Chavez Cardenas Jaime Andres | E8: 7 | F8: 10 | G8: 0 | H8: 0 | I8: =Tareas!Y8 -> 3.6842105 | J8: =Libro!AD8*0.5 -> 4.0113636 | K8: 0 | L8: =E8*0.09+F8*0.09+G8*0.25+H8*0.07+I8*0.2+J8*0.2+K8*0.1 -> 3.0691148
B9: 4 | C9: 876 | D9: Gomez Zamora Eduardo | E9: 6 | F9: 10 | G9: 0 | H9: 0 | I9: =Tareas!Y9 -> 8.9473684 | J9: =Libro!AD9*0.5 -> 5 | K9: 0 | L9: =E9*0.09+F9*0.09+G9*0.25+H9*0.07+I9*0.2+J9*0.2+K9*0.1 -> 4.2294737
B10: 5 | C10: 639 | D10: Martinez Elizondo Iker Matias | E10: 8 | F10: 9.3 | G10: 0 | H10: 0 | I10: =Tareas!Y10 -> 6.3157895 | J10: =Libro!AD10*0.5 -> 4.7159091 | K10: 0 | L10: =E10*0.09+F10*0.09+G10*0.25+H10*0.07+I10*0.2+J10*0.2+K10*0.1 -> 3.7633397
B11: 6 | C11: 1224 | D11: Matute Castillo Danna Alessandra | E11: 8 | F11: 8 | G11: 0 | H11: 0 | I11: =Tareas!Y11 -> 8.4210526 | J11: =Libro!AD11*0.5 -> 3.0454545 | K11: 0 | L11: =E11*0.09+F11*0.09+G11*0.25+H11*0.07+I11*0.2+J11*0.2+K11*0.1 -> 3.7333014
B12: 7 | C12: 1069 | D12: Velazquez Salazar Valentina | E12: 5 | F12: 8.7 | G12: 0 | H12: 0 | I12: =Tareas!Y12 -> 5.2631579 | J12: =Libro!AD12*0.5 -> 4.9545455 | K12: 0 | L12: =E12*0.09+F12*0.09+G12*0.25+H12*0.07+I12*0.2+J12*0.2+K12*0.1 -> 3.2765407
B13: TOTAL | E13: =AVERAGE(E6:E12) -> 5.7142857 | F13: =AVERAGE(F6:F12) -> 9.3285714 | G13: =AVERAGE(G6:G12) -> 0 | H13: =AVERAGE(H6:H12) -> 0 | I13: =AVERAGE(I6:I12) -> 5.9398496 | J13: =AVERAGE(J6:J12) -> 4.4626623 | K13: =AVERAGE(K6:K12) -> 0 | L13: =AVERAGE(L6:L12) -> 3.4343595

Sheet Tareas
B2: N9 SECUNDARIA 3°A | F2: Historia
D3: Tarea | E3: ¿Qué es el ADN? | F3: Civilizaciones Egipto, Mesopotamia y China | G3: Fósiles de homínidos | H3: Investigación de un homínido antepasado | I3: La teoría de la evolución de Darwin | J3: Civilizaciones India, Grecia y Roma | K3: Ideas de la evolución de Darwin | L3: ¿Qué es la antropología? | M3: Jerarquización de las civilizaciones antiguas, | N3: Países que rodean el mar mediterráneo | O3: Biografía de Cleopatra o Julio César | P3: Mito o leyenda de la edad media | Q3: ¿Qué es la teología? | R3: Maqueta de un castillo medieval | S3: Mapa de Europa con los respectivos renos feudales | T3: Aportes de la cultura árabe a la cultura occidental | U3: Mito o leyenda de la edad media | V3: Imagen sobre una pintura o escultura renacentista | W3: Biografía de algún artista renacentista | X3: El turismo actual | Y3: Promedio
E4: 1 | F4: 2 | G4: 3 | H4: 4 | I4: 5 | J4: 6 | K4: 7 | L4: 8 | M4: 9 | N4: 10 | O4: 11 | P4: 12 | Q4: 13 | R4: 14 | S4: 15 | T4: 16 | U4: 17 | V4: 18 | W4: 19 | X4: 20
B5: No. | C5: Matrícula | D5: Nombre del Alumno
B6: 1 | C6: 1045 | D6: Abarca Sanchez Gabriel Alejandro | E6: 0 | F6: 0 | G6: 0 | H6: 0 | I6: 0 | J6: 0 | K6: 0 | L6: 0 | M6: 0 | N6: 0 | O6: 0 | P6: 0 | Q6: 0 | R6: 0 | S6: 0 | T6: 0 | U6: 0 | V6: 0 | W6: 0 | X6: 0 | Y6: =AVERAGE(F6:X6) -> 0 | Z6: 10
B7: 2 | C7: 1060 | D7: Almanza Rocha Alessandra Samantha | E7: 10 | F7: 10 | G7: 0 | H7: 10 | I7: 10 | J7: 10 | K7: 10 | L7: 10 | M7: 10 | N7: 10 | O7: 10 | P7: 0 | Q7: 10 | R7: 10 | S7: 10 | T7: 10 | U7: 10 | V7: 10 | W7: 10 | X7: 10 | Y7: =AVERAGE(F7:X7) -> 8.9473684 | Z7: 9.4
B8: 3 | C8: 1108 | D8: Chavez Cardenas Jaime Andres | E8: 0 | F8: 0 | G8: 0 | H8: 10 | I8: 0 | J8: 0 | K8: 0 | L8: 10 | M8: 0 | N8: 10 | O8: 0 | P8: 0 | Q8: 10 | R8: 10 | S8: 0 | T8: 0 | U8: 0 | V8: 10 | W8: 10 | X8: 0 | Y8: =AVERAGE(F8:X8) -> 3.6842105 | Z8: 6.8
B9: 4 | C9: 876 | D9: Gomez Zamora Eduardo | E9: 10 | F9: 10 | G9: 0 | H9: 10 | I9: 10 | J9: 10 | K9: 10 | L9: 10 | M9: 10 | N9: 10 | O9: 10 | P9: 0 | Q9: 10 | R9: 10 | S9: 10 | T9: 10 | U9: 10 | V9: 10 | W9: 10 | X9: 10 | Y9: =AVERAGE(F9:X9) -> 8.9473684 | Z9: 9.4
B10: 5 | C10: 639 | D10: Martinez Elizondo Iker Matias | E10: 10 | F10: 10 | G10: 0 | H10: 10 | I10: 0 | J10: 10 | K10: 10 | L10: 10 | M10: 0 | N10: 10 | O10: 0 | P10: 0 | Q10: 0 | R10: 10 | S10: 0 | T10: 10 | U10: 10 | V10: 10 | W10: 10 | X10: 10 | Y10: =AVERAGE(F10:X10) -> 6.3157895 | Z10: 8.1
B11: 6 | C11: 1224 | D11: Matute Castillo Danna Alessandra | E11: 0 | F11: 10 | G11: 0 | H11: 10 | I11: 10 | J11: 10 | K11: 10 | L11: 10 | M11: 10 | N11: 0 | O11: 10 | P11: 10 | Q11: 0 | R11: 10 | S11: 10 | T11: 10 | U11: 10 | V11: 10 | W11: 10 | X11: 10 | Y11: =AVERAGE(F11:X11) -> 8.4210526 | Z11: 9.2
B12: 7 | C12: 1069 | D12: Velazquez Salazar Valentina | E12: 10 | F12: 10 | G12: 0 | H12: 10 | I12: 0 | J12: 10 | K12: 10 | L12: 10 | M12: 0 | N12: 10 | O12: 0 | P12: 0 | Q12: 0 | R12: 10 | S12: 0 | T12: 0 | U12: 10 | V12: 10 | W12: 10 | X12: 0 | Y12: =AVERAGE(F12:X12) -> 5.2631579 | Z12: 7.6

Sheet Libro
B2: N9 SECUNDARIA 3°A | E2: Historia
D3: Tarea | E3: Lunes 8/9/2025 | F3: Miércoles 10/9/2025 | G3: Jueves 11/9/2026 | H3: Lunes 15/9/2025 | I3: Miércoles 17/9/2024 | J3: Jueves 18/9/2025 | K3: Lunes 22/9/2025 | L3: Miércoles 24/9/2025 | M3: Jueves 25/9/2025 | N3: Lunes 29/9/2025 | O3: Miércoles 1/10/2025 | P3: Jueves 2/10/2025 | Q3: Lunes 6/10/2025 | R3: Miércoles 8/10/2025 | S3: Jueves 9/10/2025 | T3: Lunes 13/10/2025 | U3: Miércoles 15/10/2025 | V3: Jueves 16/10/2025 | W3: Lunes 20/10/2025 | X3: Miércoles 22/10/2025 | Y3: Jueves 23/10/2025 | Z3: Lunes 27/10/2025 | AA3: Miércoles 29/10/2025 | AB3: Jueves 30/10/2025 | AC3: Lunes 3/11/2025 | AD3: Promedio
D4: Páginas | E4: 10 - 15 | F4: 16 - 17 | H4: 18 | I4: 19 - 21 | J4: 22 - 24 | K4: 25 - 28 | L4: 29 - 30 | M4: 31 - 34 | N4: 35 | O4: 36 | P4: 37 - 39 | Q4: 40 -42 | R4: 43 - 44 | S4: 45 -49 | U4: 50 - 51 | V4: 52 - 55 | X4: 56 - 58 | Y4: 59 - 60 | Z4: 61 - 62 | AA4: 63 - 69 | AB4: 70 - 74 | AC4: 75 - 80
B5: No. | C5: Matrícula | D5: Nombre del Alumno
B6: 1 | C6: 1045 | D6: Abarca Sanchez Gabriel Alejandro | E6: 7 | F6: 10 | H6: 10 | I6: 10 | J6: 10 | K6: 10 | L6: 10 | M6: 10 | N6: 10 | O6: 10 | P6: 10 | Q6: 9 | R6: 8.5 | S6: 9 | U6: 9 | V6: 9 | X6: 10 | Y6: 10 | Z6: 10 | AA6: 9 | AB6: 10 | AC6: 10 | AD6: =AVERAGE(E6:AC6) -> 9.5681818
B7: 2 | C7: 1060 | D7: Almanza Rocha Alessandra Samantha | E7: 10 | F7: 10 | H7: 10 | I7: 10 | J7: 10 | K7: 10 | L7: 10 | M7: 10 | N7: 10 | O7: 10 | P7: 10 | Q7: 10 | R7: 10 | S7: 10 | U7: 0 | V7: 8 | X7: 10 | Y7: 10 | Z7: 10 | AA7: 10 | AB7: 10 | AC7: 10 | AD7: =AVERAGE(E7:AC7) -> 9.4545455
B8: 3 | C8: 1108 | D8: Chavez Cardenas Jaime Andres | E8: 10 | F8: 10 | H8: 10 | I8: 10 | J8: 7.5 | K8: 10 | L8: 9.5 | M8: 2.5 | N8: 0 | O8: 9 | P8: 8 | Q8: 2.5 | R8: 5 | S8: 8 | U8: 10 | V8: 9 | X8: 10 | Y8: 10 | Z8: 10 | AA8: 9.5 | AB8: 9 | AC8: 7 | AD8: =AVERAGE(E8:AC8) -> 8.0227273
B9: 4 | C9: 876 | D9: Gomez Zamora Eduardo | E9: 10 | F9: 10 | H9: 10 | I9: 10 | J9: 10 | K9: 10 | L9: 10 | M9: 10 | N9: 10 | O9: 10 | P9: 10 | Q9: 10 | R9: 10 | S9: 10 | U9: 10 | V9: 10 | X9: 10 | Y9: 10 | Z9: 10 | AA9: 10 | AB9: 10 | AC9: 10 | AD9: =AVERAGE(E9:AC9) -> 10
B10: 5 | C10: 639 | D10: Martinez Elizondo Iker Matias | E10: 10 | F10: 10 | H10: 0 | I10: 10 | J10: 10 | K10: 10 | L10: 10 | M10: 10 | N10: 10 | O10: 10 | P10: 10 | Q10: 10 | R10: 10 | S10: 10 | U10: 10 | V10: 8 | X10: 10 | Y10: 9.5 | Z10: 10 | AA10: 10 | AB10: 10 | AC10: 10 | AD10: =AVERAGE(E10:AC10) -> 9.4318182
B11: 6 | C11: 1224 | D11: Matute Castillo Danna Alessandra | E11: 0 | F11: 0 | H11: 0 | I11: 0 | J11: 10 | K11: 10 | L11: 7.5 | M11: 0 | N11: 0 | O11: 10 | P11: 10 | Q11: 10 | R11: 0 | S11: 7.5 | U11: 10 | V11: 10 | X11: 10 | Y11: 10 | Z11: 10 | AA11: 0 | AB11: 10 | AC11: 9 | AD11: =AVERAGE(E11:AC11) -> 6.0909091
B12: 7 | C12: 1069 | D12: Velazquez Salazar Valentina | E12: 10 | F12: 10 | H12: 10 | I12: 10 | J12: 10 | K12: 10 | L12: 10 | M12: 10 | N12: 9 | O12: 10 | P12: 10 | Q12: 9 | R12: 10 | S12: 10 | U12: 10 | V12: 10 | X12: 10 | Y12: 10 | Z12: 10 | AA12: 10 | AB12: 10 | AC12: 10 | AD12: =AVERAGE(E12:AC12) -> 9.9090909

Sheet Cuaderno
B2: N9 SECUNDARIA 3°A | E2: Historia
D3: Tarea | E3: Examen Diagnóstico | F3: La Independencia de México | G3: Antropología natural | H3: La antropología | I3: Civilizaciones antiguas pt.1 | J3: Civilizaciones antiguas pt.2 | K3: Trabajo de campo | L3: El mediterraneo y su importancia | M3: Cultura Romana | N3: Edad media | O3: Imaginario medieval | P3: Sociedad feudal | Q3: Cultura Árabe | R3: Renacimiento | S3: Ciudades Halianas | T3: El humanismo | U3: Filosofía escolastica | V3: Colonización de Ámerica, África y Asia | W3: Revisión de examen | X3: Examen | Y3: Periodo colonial en América pt. 1 | Z3: Periodo colonial en América pt. 2 | AA3: La conmemoración de la Revolución Mexicana | AB3: Esclavitud | AC3: Colonias inglesas en América pt.1 | AD3: Colonias inglesas en América pt.2 | AE3: Promedio
D4: Páginas | E4: 1 | F4: 2 | G4: 3 | H4: 4 | I4: 5 | J4: 7 | K4: 8 | L4: 9 | M4: 10 | N4: 11 | O4: 12 | P4: 13 | Q4: 14 | R4: 15 | S4: 16 | T4: 17 | U4: 18 | V4: 19 | W4: 20 | X4: 21 | Y4: 22 | Z4: 23 | AA4: 24 | AB4: 25 | AC4: 26 | AD4: 27
B5: No. | C5: Matrícula | D5: Nombre del Alumno
B6: 1 | C6: 1045 | D6: Abarca Sanchez Gabriel Alejandro | E6: 0 | F6: 0 | G6: 0 | H6: 0 | I6: 0 | J6: 0 | K6: 0 | L6: 0 | M6: 0 | N6: 0 | O6: 0 | P6: 0 | Q6: 0 | R6: 0 | S6: 0 | T6: 0 | U6: 0 | V6: 0 | W6: 0 | X6: 0 | Y6: 0 | Z6: 0 | AA6: 0 | AB6: 0 | AC6: 0 | AD6: 0 | AE6: =AVERAGE(E6:AD6) -> 0
B7: 2 | C7: 1060 | D7: Almanza Rocha Alessandra Samantha | E7: 10 | F7: 10 | G7: 10 | H7: 10 | I7: 10 | J7: 10 | K7: 10 | L7: 10 | M7: 10 | N7: 10 | O7: 10 | P7: 10 | Q7: 10 | R7: 10 | S7: 10 | T7: 10 | U7: 10 | V7: 10 | W7: 10 | X7: 10 | Y7: 10 | Z7: 10 | AA7: 10 | AB7: 10 | AC7: 10 | AD7: 10 | AE7: =AVERAGE(E7:AD7) -> 10
B8: 3 | C8: 1108 | D8: Chavez Cardenas Jaime Andres | E8: 0 | F8: 10 | G8: 10 | H8: 10 | I8: 10 | J8: 10 | K8: 10 | L8: 10 | M8: 10 | N8: 0 | O8: 10 | P8: 10 | Q8: 10 | R8: 10 | S8: 10 | T8: 10 | U8: 10 | V8: 10 | W8: 7 | X8: 10 | Y8: 10 | Z8: 10 | AA8: 10 | AB8: 10 | AC8: 10 | AD8: 10 | AE8: =AVERAGE(E8:AD8) -> 9.1153846
B9: 4 | C9: 876 | D9: Gomez Zamora Eduardo | E9: 10 | F9: 10 | G9: 10 | H9: 10 | I9: 10 | J9: 10 | K9: 10 | L9: 10 | M9: 10 | N9: 10 | O9: 10 | P9: 10 | Q9: 10 | R9: 10 | S9: 10 | T9: 10 | U9: 10 | V9: 10 | W9: 9 | X9: 10 | Y9: 10 | Z9: 10 | AA9: 10 | AB9: 10 | AC9: 10 | AD9: 0 | AE9: =AVERAGE(E9:AD9) -> 9.5769231
B10: 5 | C10: 639 | D10: Martinez Elizondo Iker Matias | E10: 10 | F10: 10 | G10: 10 | H10: 0 | I10: 10 | J10: 10 | K10: 10 | L10: 10 | M10: 10 | N10: 10 | O10: 10 | P10: 0 | Q10: 10 | R10: 10 | S10: 8 | T10: 10 | U10: 10 | V10: 10 | W10: 10 | X10: 10 | Y10: 10 | Z10: 10 | AA10: 10 | AB10: 10 | AC10: 10 | AD10: 10 | AE10: =AVERAGE(E10:AD10) -> 9.1538462
B11: 6 | C11: 1224 | D11: Matute Castillo Danna Alessandra | E11: 0 | F11: 0 | G11: 0 | H11: 0 | I11: 0 | J11: 0 | K11: 0 | L11: 0 | M11: 0 | N11: 0 | O11: 0 | P11: 0 | Q11: 0 | R11: 10 | S11: 0 | T11: 10 | U11: 0 | V11: 10 | W11: 10 | X11: 10 | Y11: 10 | Z11: 10 | AA11: 0 | AB11: 0 | AC11: 0 | AD11: 10 | AE11: =AVERAGE(E11:AD11) -> 3.0769231
B12: 7 | C12: 1069 | D12: Velazquez Salazar Valentina | E12: 10 | F12: 10 | G12: 10 | H12: 10 | I12: 10 | J12: 10 | K12: 10 | L12: 10 | M12: 10 | N12: 10 | O12: 10 | P12: 10 | Q12: 10 | R12: 10 | S12: 10 | T12: 10 | U12: 10 | V12: 10 | W12: 0 | X12: 10 | Y12: 0 | Z12: 10 | AA12: 10 | AB12: 10 | AC12: 10 | AD12: 10 | AE12: =AVERAGE(E12:AD12) -> 9.2307692

Sheet Incidencias
B2: N9 SECUNDARIA 3°A | E2: Historia
D3: Concepto | E3: Revisión del Libro
B4: No. | C4: Matrícula | D4: Nombre del Alumno
B5: 1 | C5: 1045 | D5: Abarca Sanchez Gabriel Alejandro | E5: Libro pp.
B6: 2 | C6: 1060 | D6: Almanza Rocha Alessandra Samantha | E6: Libro pp.
B7: 3 | C7: 1108 | D7: Chavez Cardenas Jaime Andres | E7: Libro pp. 23, 31, 32, 33, 35, 40, 41, 44, 75, 76
B8: 4 | C8: 876 | D8: Gomez Zamora Eduardo | E8: Libro pp
B9: 5 | C9: 639 | D9: Martinez Elizondo Iker Matias | E9: Libro pp. 18
B10: 6 | C10: 1224 | D10: Matute Castillo Danna Alessandra | E10: Libro pp. 10, 11, 12, 13, 14, 15, 16, 17, 18, 19, 20, 21, 31, 32, 33, 34, 35, 43, 49, 63, 64, 65, 66, 67, 68, 69
B11: 7 | C11: 1069 | D11: Velazquez Salazar Valentina | E11: Libro pp.
